ts,coin,mark,long_ntl,short_ntl,near_liq_long,near_liq_short,n_pos
2026-07-13T12:01:50Z,BTC,62926.0,6098648,236474834,221972,0,102
2026-07-13T12:01:50Z,ETH,1780.7,3473863,196713496,0,0,96
2026-07-13T12:01:50Z,SOL,76.296,5004650,52947528,67084,87676,88
2026-07-13T12:01:50Z,AVAX,6.6473,428932,2801336,0,81823,44
2026-07-13T12:01:50Z,BNB,569.15,3107783,2764436,0,0,44
2026-07-13T12:01:50Z,LTC,43.389,71617,1756228,0,0,41
2026-07-13T12:01:50Z,DOGE,0.072254,456634,5554842,0,0,56
2026-07-13T12:01:50Z,SUI,0.73101,291244,6617089,0,1334,48
2026-07-13T12:01:50Z,kPEPE,0.002747,75221,3463914,0,0,36
2026-07-13T12:01:50Z,CRV,0.20901,39178,956430,0,0,34
2026-07-13T12:01:50Z,LINK,7.9353,140539,6805180,0,0,48
2026-07-13T12:01:50Z,XRP,1.0768,5120280,8543075,0,80096,60
2026-07-13T12:01:50Z,BCH,237.64,519971,989615,0,0,36
2026-07-13T12:01:50Z,AAVE,95.785,347342,11548639,0,81209,53
2026-07-13T12:01:50Z,WLD,0.42794,67359,6159503,18400,81609,51
2026-07-13T12:01:50Z,UNI,3.5067,206819,1731196,0,13803,38
2026-07-13T12:01:50Z,ADA,0.15935,2208562,1041422,0,0,44
2026-07-13T12:01:50Z,NEAR,1.9144,138744,6845315,25754,81349,52
2026-07-13T12:01:50Z,TAO,206.48,320830,5052499,0,0,52
2026-07-13T12:01:50Z,ENA,0.079255,353696,3229222,0,0,39
2026-07-13T12:01:50Z,HYPE,64.998,42596875,65808400,25247,2669,85
2026-07-13T12:01:50Z,PENGU,0.005953,45777,586375,0,0,30
2026-07-13T12:01:50Z,FARTCOIN,0.14232,335739,1332717,0,0,44
2026-07-13T12:01:50Z,TRUMP,1.5492,2144436,237284,0,0,36
2026-07-13T12:01:50Z,XPL,0.090646,167539,5468386,0,0,32
2026-07-13T12:01:50Z,WLFI,0.057512,714990,158313,0,0,30
2026-07-13T12:01:50Z,ASTER,0.62168,721843,2213245,0,0,32
2026-07-13T12:01:50Z,ZEC,511.16,1291405,24746181,0,17446,67
2026-07-13T12:01:50Z,MON,0.022162,84180,4075713,0,0,32
2026-07-13T12:01:50Z,LIT,2.384,1056184,14146561,0,0,35
2026-07-13T12:01:50Z,BLUR,0.018245,78481,399436,0,0,16
2026-07-13T12:01:50Z,JUP,0.20445,604072,960444,0,0,28
2026-07-13T12:01:50Z,WIF,0.15047,57851,567948,0,0,29
2026-07-13T12:01:50Z,ETHFI,0.40782,69612,383563,0,0,21
2026-07-13T12:01:50Z,TNSR,0.03083,73310,8867,0,0,12
2026-07-13T12:01:50Z,EIGEN,0.2482,87058,727529,0,0,22
2026-07-13T12:01:50Z,HMSTR,0.000198,26231,45325,0,0,11
2026-07-13T12:01:50Z,XLM,0.18383,728593,515205,0,0,29
2026-07-13T12:01:50Z,SPX,0.37031,67342,468669,0,0,24
2026-07-13T12:01:50Z,MORPHO,1.9474,86425,495875,0,0,19
2026-07-13T12:01:50Z,VVV,10.535,26671,2303663,0,0,29
2026-07-13T12:01:50Z,AERO,0.49118,26725,567981,0,0,15
2026-07-13T12:01:50Z,XMR,325.77,113935,10258738,0,0,26
2026-07-13T12:01:50Z,GRAM,1.6037,103596,224101,0,0,12
2026-07-13T12:01:50Z,CASHCAT,0.16105,8359,157157,0,0,7
2026-07-13T12:01:50Z,OP,0.09924,415709,60277,0,0,19
2026-07-13T12:01:50Z,ARB,0.09319,118797,2353712,0,0,34
2026-07-13T12:01:50Z,TRX,0.32672,2309236,695026,0,0,27
2026-07-13T12:01:50Z,CAKE,1.3905,2356,220851,0,0,16
2026-07-13T12:01:50Z,ETC,6.9459,143776,82615,0,0,13
2026-07-13T12:01:50Z,ONDO,0.31787,40590,1064880,0,0,31
2026-07-13T12:01:50Z,POL,0.08277,11848,525843,0,0,17
2026-07-13T12:01:50Z,PAXG,4054.7,3128643,3618852,0,0,25
2026-07-13T12:01:50Z,DASH,33.843,26917,236624,0,0,12
2026-07-13T12:01:50Z,PUMP,0.001511,314477,7753794,0,0,44
2026-07-13T12:01:50Z,ALGO,0.082985,96675,111536,0,0,15
2026-07-13T12:01:50Z,LDO,0.31045,99784,1467598,0,0,25
2026-07-13T12:01:50Z,MNT,0.42505,18070,205133,0,0,12
2026-07-13T12:01:50Z,CC,0.13424,50633,845333,0,0,16
2026-07-13T12:01:50Z,MELANIA,0.08108,275963,38592,0,0,15
2026-07-13T12:01:50Z,BERA,0.18934,38483,146630,0,0,15
2026-07-13T12:01:50Z,GOAT,0.013687,11368,9772,0,0,13
2026-07-13T12:01:50Z,SNX,0.22966,189949,4944,0,0,15
2026-07-13T12:01:50Z,ZRO,0.86062,479601,1350502,0,0,27
2026-07-13T12:01:50Z,kBONK,0.003924,302360,1724561,0,0,21
2026-07-13T12:01:50Z,SYRUP,0.18831,14958,411160,0,0,13
2026-07-13T12:01:50Z,APE,0.14974,8017,121819,0,0,17
2026-07-13T12:01:50Z,kSHIB,0.00421,171823,631722,0,0,19
2026-07-13T12:01:50Z,BANANA,3.4487,0,40006,0,0,11
2026-07-13T12:01:50Z,KAS,0.028385,46752,21758,0,0,10
2026-07-13T12:01:50Z,PENDLE,1.5024,53956,351030,0,0,22
2026-07-13T12:01:50Z,ORDI,3.5429,47364,123965,0,0,12
2026-07-13T12:01:50Z,UMA,0.36684,44922,104291,0,0,9
2026-07-13T12:01:50Z,kFLOKI,0.02202,179473,130280,0,0,12
2026-07-13T12:01:50Z,BOME,0.000404,15029,44513,0,0,10
2026-07-13T12:01:50Z,HBAR,0.066819,233986,200324,0,0,20
2026-07-13T12:01:50Z,POPCAT,0.044151,32994,339241,0,0,18
2026-07-13T12:01:50Z,RENDER,1.5132,173515,114440,0,0,15
2026-07-13T12:01:50Z,IOTA,0.037138,11730,15632,0,0,7
2026-07-13T12:01:50Z,ME,0.06298,56746,76803,0,0,12
2026-07-13T12:01:50Z,S,0.025537,5895,204729,0,0,16
2026-07-13T12:01:50Z,VINE,0.008809,9692,27137,0,0,5
2026-07-13T12:01:50Z,NIL,0.034208,44238,166213,0,0,12
2026-07-13T12:01:50Z,RESOLV,0.019635,37683,88947,0,0,11
2026-07-13T12:01:50Z,HEMI,0.004348,16403,39590,0,0,10
2026-07-13T12:01:50Z,2Z,0.072305,177682,146227,0,0,15
2026-07-13T12:01:50Z,MEGA,0.048549,25167,81328,0,0,14
2026-07-13T12:01:50Z,AXS,0.98165,32670,133501,0,0,12
2026-07-13T12:01:50Z,AZTEC,0.014196,37538,56662,0,0,6
2026-07-13T12:01:50Z,ATOM,1.5437,313721,36638,0,0,17
2026-07-13T12:01:50Z,DYDX,0.12779,3001,296852,0,0,14
2026-07-13T12:01:50Z,INJ,4.7471,417165,110780,0,0,22
2026-07-13T12:01:50Z,STX,0.16583,67199,23903,0,0,14
2026-07-13T12:01:50Z,CFX,0.042931,8026,385238,0,0,12
2026-07-13T12:01:50Z,GMX,5.6415,4333,161851,0,0,13
2026-07-13T12:01:50Z,APT,0.6001,478040,72768,0,0,27
2026-07-13T12:01:50Z,COMP,16.851,68126,151313,0,0,15
2026-07-13T12:01:50Z,YGG,0.021638,17069,40187,0,0,11
2026-07-13T12:01:50Z,SEI,0.047966,32299,202652,0,0,17
2026-07-13T12:01:50Z,RUNE,0.40518,45262,205417,0,0,11
2026-07-13T12:01:50Z,DOT,0.83047,859172,181707,0,0,24
2026-07-13T12:01:50Z,TRB,14.98,119319,45864,0,0,13
2026-07-13T12:01:50Z,BIGTIME,0.006967,40610,20375,0,0,11
2026-07-13T12:01:50Z,TIA,0.41496,47335,345479,0,0,20
2026-07-13T12:01:50Z,BSV,14.324,4720,100378,0,0,11
2026-07-13T12:01:50Z,MINA,0.043495,14044,104400,0,0,9
2026-07-13T12:01:50Z,POLYX,0.035688,6183,36730,0,0,9
2026-07-13T12:01:50Z,GAS,1.0435,12849,46392,0,0,7
2026-07-13T12:01:50Z,FET,0.16023,10569,683608,0,0,17
2026-07-13T12:01:50Z,MEME,0.00055,38979,74172,0,0,11
2026-07-13T12:01:50Z,NEO,1.9275,95859,51864,0,0,11
2026-07-13T12:01:50Z,ZEN,4.0774,4382,38983,0,0,11
2026-07-13T12:01:50Z,FIL,0.7593,422033,172528,0,0,16
2026-07-13T12:01:50Z,PYTH,0.049568,84912,449380,0,0,19
2026-07-13T12:01:50Z,SUSHI,0.16002,71225,93292,0,0,12
2026-07-13T12:01:50Z,IMX,0.13303,6323,360324,0,0,15
2026-07-13T12:01:50Z,GMT,0.007539,38643,5566,0,0,9
2026-07-13T12:01:50Z,SUPER,0.0851,12077,47399,0,0,7
2026-07-13T12:01:50Z,kLUNC,0.059982,0,84649,0,0,8
2026-07-13T12:01:50Z,RSR,0.001222,33481,29537,0,0,5
2026-07-13T12:01:50Z,GALA,0.002029,21518,13572,0,0,11
2026-07-13T12:01:50Z,JTO,0.65931,17041,1114399,0,0,22
2026-07-13T12:01:50Z,ACE,0.0714,15415,79584,0,0,9
2026-07-13T12:01:50Z,PEOPLE,0.005588,45505,19182,0,0,8
2026-07-13T12:01:50Z,ENS,4.0967,42,316469,0,0,14
2026-07-13T12:01:50Z,XAI,0.0069,27970,50269,0,0,9
2026-07-13T12:01:50Z,MANTA,0.0595,11055,93863,0,0,10
2026-07-13T12:01:50Z,ALT,0.006218,92030,24009,0,0,11
2026-07-13T12:01:50Z,ZETA,0.03431,30632,1214,0,0,11
2026-07-13T12:01:50Z,DYM,0.01537,9443,60228,0,0,7
2026-07-13T12:01:50Z,W,0.00957,183904,275839,0,0,15
2026-07-13T12:01:50Z,STRK,0.02978,38059,414383,0,0,16
2026-07-13T12:01:50Z,AR,1.9302,31900,507938,0,0,16
2026-07-13T12:01:50Z,SAGA,0.0125,419,108074,0,0,12
2026-07-13T12:01:50Z,MERL,0.017243,58477,75430,0,0,6
2026-07-13T12:01:50Z,REZ,0.002448,1508,66301,0,0,9
2026-07-13T12:01:50Z,NOT,0.000379,52784,71929,0,0,6
2026-07-13T12:01:50Z,TURBO,0.000852,38136,121760,0,0,13
2026-07-13T12:01:50Z,BRETT,0.005156,62445,33025,0,0,10
2026-07-13T12:01:50Z,IO,0.15646,75862,105845,0,0,11
2026-07-13T12:01:50Z,ZK,0.010244,167150,196393,0,0,13
2026-07-13T12:01:50Z,CELO,0.072429,24123,16092,0,0,6
2026-07-13T12:01:50Z,kNEIRO,0.0612,45855,39181,0,0,5
2026-07-13T12:01:50Z,MOODENG,0.038655,61181,69499,0,0,13
2026-07-13T12:01:50Z,GRASS,0.39736,21946,363657,0,0,16
2026-07-13T12:01:50Z,PURR,0.085953,2051,171970,0,0,9
2026-07-13T12:01:50Z,PNUT,0.04274,6852,311046,0,0,19
2026-07-13T12:01:50Z,SAND,0.047656,134312,11788,0,0,9
2026-07-13T12:01:50Z,MOVE,0.010675,21303,75061,0,0,10
2026-07-13T12:01:50Z,VIRTUAL,0.56365,113282,1464168,0,0,22
2026-07-13T12:01:50Z,USUAL,0.00877,3334,41384,0,0,8
2026-07-13T12:01:50Z,AIXBT,0.018843,11535,144119,0,0,12
2026-07-13T12:01:50Z,BIO,0.028846,66788,212219,0,0,17
2026-07-13T12:01:50Z,GRIFFAIN,0.008502,22591,76240,0,0,14
2026-07-13T12:01:50Z,ANIME,0.00273,42649,40497,0,0,14
2026-07-13T12:01:50Z,LAYER,0.065001,33659,42451,0,0,9
2026-07-13T12:01:50Z,KAITO,0.66943,18188,316642,0,0,17
2026-07-13T12:01:50Z,BABY,0.012656,20329,53497,0,0,11
2026-07-13T12:01:50Z,WCT,0.043646,19819,29679,0,0,6
2026-07-13T12:01:50Z,HYPER,0.06735,52699,116108,0,0,11
2026-07-13T12:01:50Z,ZORA,0.006713,38117,108526,0,0,13
2026-07-13T12:01:50Z,INIT,0.054469,26320,25398,0,0,10
2026-07-13T12:01:50Z,NXPC,0.25361,35967,114371,0,0,9
2026-07-13T12:01:50Z,SOPH,0.004655,5313,4399,0,0,9
2026-07-13T12:01:50Z,PROVE,0.19643,186,86021,0,0,7
2026-07-13T12:01:50Z,LINEA,0.002407,48401,137723,0,0,11
2026-07-13T12:01:50Z,SKY,0.058929,6448,421390,0,0,10
2026-07-13T12:01:50Z,AVNT,0.095765,31330,144896,0,0,16
2026-07-13T12:01:50Z,STBL,0.023055,62875,81422,0,0,12
2026-07-13T12:01:50Z,0G,0.17696,26546,90043,0,0,10
2026-07-13T12:01:50Z,APEX,0.26807,42,51800,0,0,6
2026-07-13T12:01:50Z,MET,0.14972,268692,231644,0,0,13
2026-07-13T12:01:50Z,ICP,2.2077,35956,189302,0,0,15
2026-07-13T12:01:50Z,STABLE,0.037298,28873,556221,0,0,13
2026-07-13T12:01:50Z,FOGO,0.00959,14245,67681,0,0,7
2026-07-13T12:01:50Z,SKR,0.009472,22818,47148,0,0,6
2026-07-13T12:01:50Z,CHIP,0.029904,75001,137222,0,0,19
2026-07-13T12:41:28Z,ATOM,1.5366,521675,76611,0,0,30
2026-07-13T12:41:28Z,AVAX,6.5705,539628,2933681,0,80878,69
2026-07-13T12:41:28Z,BNB,567.44,3655925,3523250,0,0,67
2026-07-13T12:41:28Z,APE,0.14926,25263,157775,0,0,28
2026-07-13T12:41:28Z,OP,0.09856,433136,113126,0,0,37
2026-07-13T12:41:28Z,INJ,4.721,446566,129998,0,0,38
2026-07-13T12:41:28Z,SUI,0.72626,408688,7286932,0,6668,74
2026-07-13T12:41:28Z,kPEPE,0.002731,81754,3718105,0,0,56
2026-07-13T12:41:28Z,CRV,0.20729,56267,1015978,0,0,50
2026-07-13T12:41:28Z,LDO,0.30809,101331,1627944,0,0,41
2026-07-13T12:41:28Z,LINK,7.8908,179609,7141868,0,0,76
2026-07-13T12:41:28Z,STX,0.16454,66122,67776,0,0,26
2026-07-13T12:41:28Z,CFX,0.042831,7997,710611,0,0,25
2026-07-13T12:41:28Z,GMX,5.6228,5073,182193,0,0,26
2026-07-13T12:41:28Z,SNX,0.2295,193597,5603,0,0,23
2026-07-13T12:41:28Z,XRP,1.0713,5210311,8647956,0,5334,94
2026-07-13T12:41:28Z,BCH,236.77,570969,1108327,0,0,55
2026-07-13T12:41:28Z,APT,0.5944,538674,110230,0,0,48
2026-07-13T12:41:28Z,AAVE,95.218,508145,12325346,0,80729,86
2026-07-13T12:41:28Z,COMP,16.787,68238,178480,0,0,23
2026-07-13T12:41:28Z,WLD,0.42043,62158,6607617,0,101383,74
2026-07-13T12:41:28Z,YGG,0.021655,20195,41944,0,0,19
2026-07-13T12:41:28Z,kSHIB,0.004193,245641,689526,0,0,32
2026-07-13T12:41:28Z,SEI,0.047708,78235,246395,0,0,32
2026-07-13T12:41:28Z,DOT,0.83059,910901,283268,0,0,43
2026-07-13T12:41:28Z,BANANA,3.4425,1468,41741,0,0,18
2026-07-13T12:41:28Z,BSV,14.38,1151,142222,0,0,20
2026-07-13T12:41:28Z,ADA,0.15887,2258191,1197625,0,0,69
2026-07-13T12:41:28Z,POLYX,0.03568,5845,36075,0,0,18
2026-07-13T12:41:28Z,GAS,1.0375,43109,56324,0,0,16
2026-07-13T12:41:28Z,PENDLE,1.4936,83898,414422,0,0,34
2026-07-13T12:41:28Z,FET,0.15895,13065,1308440,0,0,28
2026-07-13T12:41:28Z,NEAR,1.8965,160912,8354139,26483,80588,77
2026-07-13T12:41:28Z,MEME,0.00055,77125,76508,0,0,21
2026-07-13T12:41:28Z,SUSHI,0.15948,93436,93328,0,0,20
2026-07-13T12:41:28Z,kBONK,0.003901,766429,1774075,0,0,34
2026-07-13T12:41:28Z,GMT,0.00753,47355,46190,0,0,21
2026-07-13T12:41:28Z,SUPER,0.08481,12163,48910,0,0,14
2026-07-13T12:41:28Z,JUP,0.2037,655675,1117531,0,0,45
2026-07-13T12:41:28Z,kLUNC,0.059707,76069,84505,0,0,12
2026-07-13T12:41:28Z,GALA,0.002023,23572,14635,0,0,22
2026-07-13T12:41:28Z,JTO,0.64778,129436,2316588,0,0,41
2026-07-13T12:41:28Z,ACE,0.071,41887,79085,0,0,18
2026-07-13T12:41:28Z,WIF,0.14978,58275,631822,0,0,40
2026-07-13T12:41:28Z,CAKE,1.3854,53835,300111,0,0,24
2026-07-13T12:41:28Z,ETC,6.9455,145919,193888,0,0,23
2026-07-13T12:41:28Z,XAI,0.00686,136491,50373,0,0,18
2026-07-13T12:41:28Z,MANTA,0.05986,12046,96658,0,0,18
2026-07-13T12:41:28Z,UMA,0.36585,46678,107886,0,0,19
2026-07-13T12:41:28Z,ALT,0.006206,99389,21998,0,0,19
2026-07-13T12:41:28Z,ZETA,0.03413,110105,2494,0,0,22
2026-07-13T12:41:28Z,DYM,0.01535,9569,60233,0,0,13
2026-07-13T12:41:28Z,W,0.00954,182613,314537,0,0,23
2026-07-13T12:41:28Z,STRK,0.02967,45955,467392,0,0,29
2026-07-13T12:41:28Z,TAO,205.75,354684,5435588,0,0,67
2026-07-13T12:41:28Z,AR,1.9199,31902,585015,0,0,30
2026-07-13T12:41:28Z,kFLOKI,0.022006,186969,204426,0,0,22
2026-07-13T12:41:28Z,BOME,0.000405,49007,45568,0,0,16
2026-07-13T12:41:28Z,MNT,0.42466,21231,307176,0,0,22
2026-07-13T12:41:28Z,TNSR,0.03086,74989,14409,0,0,20
2026-07-13T12:41:28Z,SAGA,0.01249,856,187918,0,0,21
2026-07-13T12:41:28Z,HBAR,0.066619,189002,368938,0,0,35
2026-07-13T12:41:28Z,POPCAT,0.043825,37416,340125,0,0,23
2026-07-13T12:41:28Z,REZ,0.002433,2386,107876,0,0,18
2026-07-13T12:41:28Z,TURBO,0.000853,36836,120927,0,0,21
2026-07-13T12:41:28Z,BRETT,0.005125,63787,78013,0,0,23
2026-07-13T12:41:28Z,IO,0.156,179428,107060,0,0,20
2026-07-13T12:41:28Z,ZK,0.010181,166867,237124,0,0,24
2026-07-13T12:41:28Z,RENDER,1.5054,241704,150699,0,0,30
2026-07-13T12:41:28Z,CELO,0.072119,25633,19503,0,0,17
2026-07-13T12:41:28Z,HMSTR,0.000196,30880,46012,0,0,18
2026-07-13T12:41:28Z,kNEIRO,0.06088,47095,39685,0,0,12
2026-07-13T12:41:28Z,GOAT,0.013675,11107,11812,0,0,23
2026-07-13T12:41:28Z,GRASS,0.38683,48627,380423,0,0,30
2026-07-13T12:41:28Z,PNUT,0.04266,6621,412719,0,0,28
2026-07-13T12:41:28Z,ALGO,0.08276,114123,307815,0,0,28
2026-07-13T12:41:28Z,HYPE,64.271,39244539,64242059,24965,11997,136
2026-07-13T12:41:28Z,ME,0.06278,66261,77910,0,0,23
2026-07-13T12:41:28Z,MOVE,0.010635,27073,72526,0,0,21
2026-07-13T12:41:28Z,VIRTUAL,0.5602,101929,1746727,0,0,37
2026-07-13T12:41:28Z,PENGU,0.005928,121761,658180,0,0,54
2026-07-13T12:41:28Z,FARTCOIN,0.14115,914914,1436987,0,0,61
2026-07-13T12:41:28Z,AIXBT,0.018807,79078,186110,0,0,26
2026-07-13T12:41:28Z,BIO,0.028537,66977,226328,0,0,27
2026-07-13T12:41:28Z,GRIFFAIN,0.008515,109401,76743,0,0,23
2026-07-13T12:41:28Z,MORPHO,1.9817,106849,589012,0,0,32
2026-07-13T12:41:28Z,TRUMP,1.5471,2170146,435421,0,0,53
2026-07-13T12:41:28Z,MELANIA,0.08081,356602,40359,0,0,26
2026-07-13T12:41:28Z,ANIME,0.002721,45259,41935,0,0,26
2026-07-13T12:41:28Z,VVV,10.658,71512,3002283,0,0,46
2026-07-13T12:41:28Z,BERA,0.18789,53046,207623,0,0,28
2026-07-13T12:41:28Z,LAYER,0.064645,37114,44134,0,0,18
2026-07-13T12:41:28Z,KAITO,0.68789,478269,391308,0,0,28
2026-07-13T12:41:28Z,NIL,0.034073,43932,182598,0,0,21
2026-07-13T12:41:28Z,PAXG,4057.0,3159916,3622836,0,0,38
2026-07-13T12:41:28Z,WCT,0.04346,20490,31282,0,0,15
2026-07-13T12:41:28Z,HYPER,0.067221,64547,117128,0,0,18
2026-07-13T12:41:28Z,INIT,0.05425,28690,28041,0,0,19
2026-07-13T12:41:28Z,NXPC,0.2534,33088,149901,0,0,19
2026-07-13T12:41:28Z,SOPH,0.004634,9001,5847,0,0,21
2026-07-13T12:41:28Z,RESOLV,0.019643,40615,89939,0,0,15
2026-07-13T12:41:28Z,PUMP,0.001484,301015,9001050,0,0,67
2026-07-13T12:41:28Z,PROVE,0.19711,33248,86092,0,0,16
2026-07-13T12:41:28Z,WLFI,0.057519,1322813,203774,107665,0,48
2026-07-13T12:41:28Z,LINEA,0.002406,58377,260296,0,0,27
2026-07-13T12:41:28Z,SKY,0.057934,7464,546207,0,0,21
2026-07-13T12:41:28Z,STBL,0.023005,65741,226768,0,0,22
2026-07-13T12:41:28Z,HEMI,0.00433,17088,185775,0,0,20
2026-07-13T12:41:28Z,APEX,0.26821,461,86701,0,0,15
2026-07-13T12:41:28Z,2Z,0.072399,179036,169971,0,0,23
2026-07-13T12:41:28Z,MON,0.021813,96833,4979505,0,0,51
2026-07-13T12:41:28Z,MET,0.14875,270784,486076,0,0,24
2026-07-13T12:41:28Z,CC,0.13445,51421,856419,0,0,24
2026-07-13T12:41:28Z,ICP,2.195,61148,199367,0,0,25
2026-07-13T12:41:28Z,AERO,0.4895,31010,1482468,0,0,26
2026-07-13T12:41:28Z,STABLE,0.03723,32517,595514,0,0,21
2026-07-13T12:41:28Z,FOGO,0.009543,15557,71125,0,0,13
2026-07-13T12:41:28Z,LIT,2.3494,1794249,15907350,0,0,54
2026-07-13T12:41:28Z,XMR,326.29,185390,11321729,0,0,42
2026-07-13T12:41:28Z,AXS,0.9815,59414,131213,0,0,20
2026-07-13T12:41:28Z,CHIP,0.029843,76534,592236,0,0,27
2026-07-13T12:41:28Z,GRAM,1.5995,119332,1192995,0,0,27
2026-07-13T12:41:28Z,CASHCAT,0.14567,7006,136261,0,0,12
2026-07-13T12:41:28Z,ZRO,0.86225,490131,3140473,0,0,47
2026-07-13T12:41:28Z,ETHFI,0.40429,83495,791089,0,0,35
2026-07-13T12:41:28Z,ZEC,511.68,1204648,26588341,0,104695,91
2026-07-13T12:41:28Z,BTC,62601.0,12419542,276655276,646632,29366,160
2026-07-13T12:41:28Z,ETH,1770.1,3062558,227838543,5204,536427,147
2026-07-13T12:41:28Z,TRX,0.3264,2680647,701255,56739,0,36
2026-07-13T12:41:28Z,ONDO,0.3148,147960,1198335,0,0,51
2026-07-13T12:41:28Z,XLM,0.18253,812124,556080,0,0,47
2026-07-13T12:41:28Z,SOL,75.78,5306031,59135402,161285,19885,130
2026-07-13T12:41:28Z,DOGE,0.072001,497095,5544318,0,0,81
2026-07-13T12:41:28Z,EIGEN,0.247,94173,905560,0,0,34
2026-07-13T12:41:28Z,SYRUP,0.18941,14496,1206899,0,0,27
2026-07-13T12:41:28Z,BIGTIME,0.006937,40996,61294,0,0,23
2026-07-13T12:41:28Z,TIA,0.40834,63996,364123,0,0,36
2026-07-13T12:41:28Z,NOT,0.000377,53994,71560,0,0,11
2026-07-13T12:41:28Z,ASTER,0.61961,763989,2533554,0,0,53
2026-07-13T12:41:28Z,AVNT,0.095393,88449,181067,0,0,25
2026-07-13T12:41:28Z,SKR,0.009841,39083,45028,0,0,9
2026-07-13T12:41:28Z,DYDX,0.12704,6248,1050236,0,0,31
2026-07-13T12:41:28Z,LTC,43.267,93169,1955303,0,0,61
2026-07-13T12:41:28Z,ARB,0.09243,142147,2565395,0,0,55
2026-07-13T12:41:28Z,RUNE,0.40469,68558,221525,0,0,20
2026-07-13T12:41:28Z,TRB,15.021,121850,47704,0,0,22
2026-07-13T12:41:28Z,KAS,0.02829,50171,22277,0,0,20
2026-07-13T12:41:28Z,BLUR,0.017768,373328,390000,0,0,28
2026-07-13T12:41:28Z,NEO,1.9202,95690,92751,0,0,21
2026-07-13T12:41:28Z,RSR,0.001219,36864,29585,0,0,10
2026-07-13T12:41:28Z,ENS,4.0833,272,445813,0,0,28
2026-07-13T12:41:28Z,ENA,0.078985,583113,3622388,0,0,63
2026-07-13T12:41:28Z,MERL,0.017133,99016,76758,0,0,13
2026-07-13T12:41:28Z,POL,0.081038,101571,702436,0,0,33
2026-07-13T12:41:28Z,PURR,0.084367,11781,198024,0,0,16
2026-07-13T12:41:28Z,SAND,0.047535,140768,52924,0,0,21
2026-07-13T12:41:28Z,SPX,0.3694,71110,623449,0,0,43
2026-07-13T12:41:28Z,S,0.025545,184002,250239,0,0,29
2026-07-13T12:41:28Z,BABY,0.012605,32554,54452,0,0,23
2026-07-13T12:41:28Z,XPL,0.089611,297613,6405787,0,0,51
2026-07-13T12:41:28Z,0G,0.1764,84175,91411,0,0,16
2026-07-13T12:41:28Z,DASH,33.774,45344,242504,0,0,20
2026-07-13T12:41:28Z,AZTEC,0.01406,51699,56316,0,0,13
2026-07-13T12:41:28Z,UNI,3.4994,251387,2085141,0,6661,61
2026-07-13T12:41:28Z,MEGA,0.048567,25818,165332,0,0,21
2026-07-13T12:41:28Z,FIL,0.75765,437567,298464,0,0,33
2026-07-13T12:41:28Z,PYTH,0.048804,87935,479718,0,0,27
2026-07-13T12:41:28Z,MOODENG,0.038435,65431,69269,0,0,19
2026-07-13T12:41:28Z,ZEN,4.0561,4844,80362,0,0,18
2026-07-13T12:41:28Z,IMX,0.1335,6755,476056,0,0,27
2026-07-13T12:41:28Z,MINA,0.043081,118972,109342,0,0,18
2026-07-13T12:41:28Z,ORDI,3.523,51308,124279,0,0,22
2026-07-13T12:41:28Z,PEOPLE,0.005556,48372,18659,0,0,17
2026-07-13T12:41:28Z,IOTA,0.036835,70998,13874,0,0,9
2026-07-13T12:41:28Z,USUAL,0.00877,18877,44591,0,0,16
2026-07-13T12:41:28Z,VINE,0.009002,9610,30908,0,0,9
2026-07-13T12:41:28Z,ZORA,0.006706,38395,109151,0,0,16
2026-07-13T15:11:53Z,BTC,62827.0,16500582,329823049,467042,22679,212
2026-07-13T15:11:53Z,ETH,1779.6,4582581,268465023,395424,1392020,187
2026-07-13T15:11:53Z,SOL,76.072,4231898,62312777,182570,14696,164
2026-07-13T15:11:53Z,BNB,570.03,3768915,3779841,0,0,82
2026-07-13T15:11:53Z,OP,0.09979,502975,186147,0,0,49
2026-07-13T15:11:53Z,LTC,43.578,98767,1972839,0,0,74
2026-07-13T15:11:53Z,DOGE,0.07237,1777282,5738270,0,0,97
2026-07-13T15:11:53Z,SUI,0.73109,401209,7758505,0,0,86
2026-07-13T15:11:53Z,kPEPE,0.002766,127355,4001721,0,0,69
2026-07-13T15:11:53Z,LINK,7.9687,203085,9325201,75001,0,99
2026-07-13T15:11:53Z,XRP,1.0769,5410243,14100683,0,0,118
2026-07-13T15:11:53Z,AAVE,95.782,444175,17172715,0,0,104
2026-07-13T15:11:53Z,WLD,0.41802,69878,7738154,0,42624,87
2026-07-13T15:11:53Z,kSHIB,0.004205,247152,696621,0,0,40
2026-07-13T15:11:53Z,SEI,0.048391,99121,243908,0,0,41
2026-07-13T15:11:53Z,DOT,0.83615,940161,312111,0,0,57
2026-07-13T15:11:53Z,BIGTIME,0.006977,42303,61056,0,0,28
2026-07-13T15:11:53Z,BSV,14.505,1903,140228,0,0,23
2026-07-13T15:11:53Z,FET,0.16074,17185,1434689,0,0,35
2026-07-13T15:11:53Z,NEAR,1.9622,22102,14089724,0,77560,94
2026-07-13T15:11:53Z,FIL,0.76029,508226,288012,0,0,44
2026-07-13T15:11:53Z,ONDO,0.31817,176937,1200904,0,0,62
2026-07-13T15:11:53Z,kFLOKI,0.022129,189379,207245,0,0,29
2026-07-13T15:11:53Z,ETHFI,0.40182,160994,983428,0,0,46
2026-07-13T15:11:53Z,XLM,0.18428,798052,621835,0,0,59
2026-07-13T15:11:53Z,HYPE,64.2,33986697,62865577,159303,0,169
2026-07-13T15:11:53Z,FARTCOIN,0.14205,865096,1729944,0,0,78
2026-07-13T15:11:53Z,WLFI,0.057421,1447409,198487,107482,0,56
2026-07-13T15:11:53Z,ZEC,513.21,1168569,29428247,190509,505656,114
2026-07-13T15:11:53Z,LIT,2.4315,1711197,15813156,0,0,69
2026-07-13T15:11:53Z,ATOM,1.5463,520256,81062,0,0,36
2026-07-13T15:11:53Z,AVAX,6.6426,1183796,3190597,0,0,85
2026-07-13T15:11:53Z,ARB,0.09403,122135,2870761,0,19960,70
2026-07-13T15:11:53Z,INJ,4.7761,440222,126620,0,0,44
2026-07-13T15:11:53Z,CRV,0.21245,191273,844009,0,0,56
2026-07-13T15:11:53Z,SNX,0.23208,197351,7677,0,0,28
2026-07-13T15:11:53Z,BCH,238.95,578997,1053835,0,0,67
2026-07-13T15:11:53Z,APT,0.6028,495540,159235,0,0,60
2026-07-13T15:11:53Z,COMP,16.89,70488,175026,0,0,28
2026-07-13T15:11:53Z,UNI,3.5386,232040,3112093,0,0,74
2026-07-13T15:11:53Z,TIA,0.412,98589,321895,0,0,45
2026-07-13T15:11:53Z,ADA,0.15961,5354217,1285797,0,0,85
2026-07-13T15:11:53Z,PENDLE,1.4968,91206,399027,0,0,44
2026-07-13T15:11:53Z,JUP,0.21366,680292,1923712,0,0,60
2026-07-13T15:11:53Z,WIF,0.1508,38660,656227,0,0,51
2026-07-13T15:11:53Z,TAO,207.68,141996,6112311,0,0,82
2026-07-13T15:11:53Z,ENA,0.079464,723039,4879077,0,0,77
2026-07-13T15:11:53Z,VIRTUAL,0.56525,62304,2011837,0,0,48
2026-07-13T15:11:53Z,SPX,0.37363,83742,648816,0,0,52
2026-07-13T15:11:53Z,TRUMP,1.5632,2216248,707719,0,0,66
2026-07-13T15:11:53Z,VINE,0.008952,9965,29434,0,0,10
2026-07-13T15:11:53Z,NIL,0.034165,42851,177808,0,0,28
2026-07-13T15:11:53Z,PAXG,4014.0,3289682,3829569,0,0,49
2026-07-13T15:11:53Z,ASTER,0.62271,703832,3335136,0,0,67
2026-07-13T15:11:53Z,ICP,2.203,47630,230428,0,0,37
2026-07-13T15:11:53Z,XMR,323.16,202531,12595145,0,0,60
2026-07-13T15:11:53Z,DASH,33.389,54577,235722,0,0,27
2026-07-13T15:11:53Z,DYDX,0.12734,6821,1046135,0,0,39
2026-07-13T15:11:53Z,LDO,0.31228,120546,1867117,0,0,54
2026-07-13T15:11:53Z,STX,0.16645,69577,72005,0,0,30
2026-07-13T15:11:53Z,BLUR,0.017365,365853,385382,0,0,33
2026-07-13T15:11:53Z,PYTH,0.048647,76511,491068,0,0,35
2026-07-13T15:11:53Z,IMX,0.13126,14774,375855,0,0,34
2026-07-13T15:11:53Z,JTO,0.66103,109517,2519684,0,0,49
2026-07-13T15:11:53Z,MELANIA,0.08078,350739,42302,0,0,33
2026-07-13T15:11:53Z,KAITO,0.69393,546958,377789,0,0,36
2026-07-13T15:11:53Z,PUMP,0.001509,438835,10943522,49984,5126,85
2026-07-13T15:11:53Z,XPL,0.089977,255870,8522625,0,0,64
2026-07-13T15:11:53Z,APE,0.15054,28195,154723,0,0,37
2026-07-13T15:11:53Z,CFX,0.04322,8247,731193,0,0,30
2026-07-13T15:11:53Z,GMX,5.6477,9933,179737,0,0,33
2026-07-13T15:11:53Z,YGG,0.021767,24091,47634,0,0,27
2026-07-13T15:11:53Z,TRX,0.32595,4731416,686594,56661,0,48
2026-07-13T15:11:53Z,RUNE,0.40755,53588,248270,0,0,26
2026-07-13T15:11:53Z,ZRO,0.87007,487736,4783741,0,0,63
2026-07-13T15:11:53Z,BANANA,3.462,995,31279,0,0,22
2026-07-13T15:11:53Z,TRB,15.139,190365,394118,0,0,35
2026-07-13T15:11:53Z,KAS,0.028724,48870,22434,0,0,27
2026-07-13T15:11:53Z,MINA,0.043292,120263,105675,0,0,23
2026-07-13T15:11:53Z,POLYX,0.035976,8457,39718,0,0,22
2026-07-13T15:11:53Z,GAS,1.0443,43201,55748,0,0,19
2026-07-13T15:11:53Z,ORDI,3.6258,53687,130528,0,0,33
2026-07-13T15:11:53Z,ZEN,4.1135,2206,78336,0,0,19
2026-07-13T15:11:53Z,SUSHI,0.1613,95016,95346,0,0,28
2026-07-13T15:11:53Z,kBONK,0.003903,798625,1785785,0,0,41
2026-07-13T15:11:53Z,GMT,0.007595,51983,46529,0,0,27
2026-07-13T15:11:53Z,kLUNC,0.059983,75866,85913,0,0,19
2026-07-13T15:11:53Z,RSR,0.00123,36610,30514,0,0,14
2026-07-13T15:11:53Z,GALA,0.002044,22893,13772,0,0,30
2026-07-13T15:11:53Z,ACE,0.0718,44781,83616,0,0,23
2026-07-13T15:11:53Z,PEOPLE,0.005593,49537,21694,0,0,23
2026-07-13T15:11:53Z,ENS,4.0911,328,450996,0,0,33
2026-07-13T15:11:53Z,ETC,6.9385,145232,178933,0,0,30
2026-07-13T15:11:53Z,MANTA,0.06034,8166,97953,0,0,26
2026-07-13T15:11:53Z,UMA,0.36669,45499,105501,0,0,21
2026-07-13T15:11:53Z,ZETA,0.03462,112712,1775,0,0,29
2026-07-13T15:11:53Z,DYM,0.0154,11069,60340,0,0,20
2026-07-13T15:11:53Z,AR,1.9391,26773,603563,0,0,38
2026-07-13T15:11:53Z,MNT,0.42543,23278,321638,0,0,29
2026-07-13T15:11:53Z,SAGA,0.01277,2711,195170,0,0,28
2026-07-13T15:11:53Z,MERL,0.017232,98970,79526,0,0,18
2026-07-13T15:11:53Z,EIGEN,0.2442,72378,1183417,0,0,49
2026-07-13T15:11:53Z,REZ,0.002454,7244,103164,0,0,23
2026-07-13T15:11:53Z,TURBO,0.000852,38407,121432,0,0,26
2026-07-13T15:11:53Z,BRETT,0.005158,65518,79702,0,0,29
2026-07-13T15:11:53Z,ZK,0.010214,168627,239901,0,0,31
2026-07-13T15:11:53Z,RENDER,1.5182,240322,155931,0,0,37
2026-07-13T15:11:53Z,CELO,0.070955,19020,15345,0,0,24
2026-07-13T15:11:53Z,HMSTR,0.0002,32963,51776,0,0,26
2026-07-13T15:11:53Z,kNEIRO,0.06155,47572,40212,0,0,18
2026-07-13T15:11:53Z,GOAT,0.01405,14403,14582,0,0,28
2026-07-13T15:11:53Z,MOODENG,0.038754,70870,69684,0,0,26
2026-07-13T15:11:53Z,GRASS,0.38113,42998,541374,0,0,41
2026-07-13T15:11:53Z,SAND,0.04777,140564,51297,0,0,25
2026-07-13T15:11:53Z,MOVE,0.010842,25330,76703,0,0,28
2026-07-13T15:11:53Z,PENGU,0.005957,127337,644616,0,0,64
2026-07-13T15:11:53Z,USUAL,0.00886,19088,46228,0,0,19
2026-07-13T15:11:53Z,AIXBT,0.018833,79267,188114,0,0,33
2026-07-13T15:11:53Z,GRIFFAIN,0.008485,111612,76637,0,0,28
2026-07-13T15:11:53Z,MORPHO,2.0415,96458,624610,0,0,45
2026-07-13T15:11:53Z,ANIME,0.002729,47889,40207,0,0,33
2026-07-13T15:11:53Z,VVV,10.787,59335,3267459,0,0,56
2026-07-13T15:11:53Z,BERA,0.18698,53079,217219,0,0,40
2026-07-13T15:11:53Z,LAYER,0.065213,39524,43060,0,0,24
2026-07-13T15:11:53Z,BABY,0.012666,32715,54900,0,0,30
2026-07-13T15:11:53Z,HYPER,0.067254,62669,115494,0,0,20
2026-07-13T15:11:53Z,NXPC,0.25494,23215,160696,0,0,26
2026-07-13T15:11:53Z,SOPH,0.004686,9048,5726,0,0,27
2026-07-13T15:11:53Z,SYRUP,0.18868,25545,1205006,0,0,34
2026-07-13T15:11:53Z,LINEA,0.002477,65544,262077,0,0,31
2026-07-13T15:11:53Z,SKY,0.058815,4762,547183,0,0,26
2026-07-13T15:11:53Z,AVNT,0.095271,92672,182358,0,0,29
2026-07-13T15:11:53Z,STBL,0.02295,64933,231028,0,0,28
2026-07-13T15:11:53Z,HEMI,0.004327,20150,187521,0,0,25
2026-07-13T15:11:53Z,APEX,0.26813,9144,78733,0,0,22
2026-07-13T15:11:53Z,MON,0.021985,96239,5962781,0,0,66
2026-07-13T15:11:53Z,MET,0.1537,290922,524263,0,196,32
2026-07-13T15:11:53Z,MEGA,0.04857,26311,274930,0,0,31
2026-07-13T15:11:53Z,CC,0.13347,56504,854180,0,0,32
2026-07-13T15:11:53Z,AERO,0.49193,62409,1766068,0,0,36
2026-07-13T15:11:53Z,SKR,0.009206,33833,53034,0,0,18
2026-07-13T15:11:53Z,AZTEC,0.014086,50530,50824,0,0,14
2026-07-13T15:11:53Z,CHIP,0.030565,78879,603158,0,0,36
2026-07-13T15:11:53Z,GRAM,1.6078,119874,1216132,0,0,34
2026-07-13T15:11:53Z,MEME,0.000554,78736,78705,0,0,25
2026-07-13T15:11:53Z,PNUT,0.04292,7078,414963,0,0,36
2026-07-13T15:11:53Z,FOGO,0.009615,14319,69589,0,0,17
2026-07-13T15:11:53Z,PURR,0.082297,14056,1016724,0,0,28
2026-07-13T15:11:53Z,NEO,1.9263,96189,92926,0,0,27
2026-07-13T15:11:53Z,SUPER,0.0855,11290,49183,0,0,20
2026-07-13T15:11:53Z,CAKE,1.3884,55206,299216,0,0,31
2026-07-13T15:11:53Z,XAI,0.00694,136685,51586,0,0,23
2026-07-13T15:11:53Z,ALT,0.006305,100069,22173,0,0,28
2026-07-13T15:11:53Z,BOME,0.000415,53297,47809,0,0,22
2026-07-13T15:11:53Z,TNSR,0.03145,76595,13908,0,0,29
2026-07-13T15:11:53Z,HBAR,0.066898,196036,335278,0,0,42
2026-07-13T15:11:53Z,IO,0.15953,188847,110268,0,0,27
2026-07-13T15:11:53Z,POL,0.081804,102651,686334,0,0,41
2026-07-13T15:11:53Z,IOTA,0.037565,70704,13774,0,0,15
2026-07-13T15:11:53Z,ALGO,0.083941,130233,329143,0,0,37
2026-07-13T15:11:53Z,ME,0.06399,69343,80490,0,0,33
2026-07-13T15:11:53Z,S,0.025793,181635,277708,0,0,35
2026-07-13T15:11:53Z,ZORA,0.00671,36052,106945,0,0,21
2026-07-13T15:11:53Z,PROVE,0.20414,71615,90632,0,0,23
2026-07-13T15:11:53Z,0G,0.17682,81318,88753,0,0,21
2026-07-13T15:11:53Z,STABLE,0.037001,33392,593670,0,0,27
2026-07-13T15:11:53Z,AXS,0.99349,59754,132936,0,0,26
2026-07-13T15:11:53Z,CASHCAT,0.15433,36733,157577,0,0,19
2026-07-13T15:11:53Z,STRK,0.02986,47494,480944,0,0,40
2026-07-13T15:11:53Z,POPCAT,0.044239,37864,342947,0,0,28
2026-07-13T15:11:53Z,2Z,0.071884,179739,166882,0,0,26
2026-07-13T15:11:53Z,W,0.00975,189191,327533,0,0,30
2026-07-13T15:11:53Z,WCT,0.043525,20762,31146,0,0,21
2026-07-13T15:11:53Z,INIT,0.054393,30687,29956,0,0,25
2026-07-13T15:11:53Z,RESOLV,0.01985,42174,88214,0,0,21
2026-07-13T15:11:53Z,BIO,0.028549,64028,231250,0,0,35
2026-07-13T15:11:53Z,NOT,0.000378,54397,70763,0,0,16
2026-07-13T17:23:15Z,BNB,566.23,3805610,3703129,0,0,89
2026-07-13T17:23:15Z,kBONK,0.003752,859272,1708339,0,0,47
2026-07-13T17:23:15Z,XAI,0.00682,136065,49742,0,0,24
2026-07-13T17:23:15Z,EIGEN,0.2399,156389,1191103,0,0,54
2026-07-13T17:23:15Z,RENDER,1.4972,242406,124232,0,0,41
2026-07-13T17:23:15Z,SPX,0.37028,67484,650316,0,0,52
2026-07-13T17:23:15Z,VVV,10.809,52299,3363378,0,0,60
2026-07-13T17:23:15Z,PUMP,0.001504,432291,11172968,49818,1551,91
2026-07-13T17:23:15Z,WLFI,0.057306,1539160,178965,107826,0,59
2026-07-13T17:23:15Z,HYPE,63.715,34152758,69718584,242201,0,184
2026-07-13T17:23:15Z,ETH,1773.7,4835875,268136870,440166,1329526,198
2026-07-13T17:23:15Z,BTC,62239.0,33587046,294835244,13061760,20221,227
2026-07-13T17:23:15Z,SOL,75.343,22644187,58144752,15160359,0,171
2026-07-13T17:23:15Z,SUI,0.72437,460951,7794416,0,0,95
2026-07-13T17:23:15Z,WLD,0.39833,599739,6708405,44989,0,95
2026-07-13T17:23:15Z,ONDO,0.31359,147773,1499332,0,0,68
2026-07-13T17:23:15Z,TAO,204.4,151209,6155881,0,0,89
2026-07-13T17:23:15Z,GOAT,0.01376,13629,14109,0,0,29
2026-07-13T17:23:15Z,FARTCOIN,0.1422,831546,1690417,0,0,75
2026-07-13T17:23:15Z,XPL,0.089008,261233,8530086,0,0,73
2026-07-13T17:23:15Z,MON,0.021973,85908,6017720,0,0,72
2026-07-13T17:23:15Z,LIT,2.3813,7714964,14991717,0,0,82
2026-07-13T17:23:15Z,TRX,0.32587,4728870,717708,56647,0,51
2026-07-13T17:23:15Z,LDO,0.3106,108924,1921025,0,0,55
2026-07-13T17:23:15Z,LINK,7.8908,211436,9076106,0,0,102
2026-07-13T17:23:15Z,BCH,236.0,590952,1178423,0,0,69
2026-07-13T17:23:15Z,UNI,3.5679,377473,3466253,0,0,81
2026-07-13T17:23:15Z,JUP,0.21315,694399,2156695,0,0,70
2026-07-13T17:23:15Z,POL,0.082189,99240,732023,0,0,43
2026-07-13T17:23:15Z,MORPHO,2.0098,135567,552102,0,0,51
2026-07-13T17:23:15Z,CC,0.13288,54003,902431,0,0,34
2026-07-13T17:23:15Z,ARB,0.09079,349240,1879632,0,0,77
2026-07-13T17:23:15Z,DOGE,0.071717,1744250,5723819,0,0,101
2026-07-13T17:23:15Z,LTC,43.345,96262,2074321,0,0,78
2026-07-13T17:23:15Z,kPEPE,0.002697,162912,3609385,0,0,68
2026-07-13T17:23:15Z,XRP,1.0677,5354830,19331656,0,0,127
2026-07-13T17:23:15Z,NEAR,1.9389,466138,13627350,36560,0,103
2026-07-13T17:23:15Z,XLM,0.18234,856332,611379,0,0,59
2026-07-13T17:23:15Z,ZEC,509.4,1972519,32062634,123117,0,120
2026-07-13T17:23:15Z,XMR,320.77,81202,13003304,0,0,66
2026-07-13T17:23:15Z,AAVE,94.387,550072,17197304,0,0,108
2026-07-13T17:23:15Z,ADA,0.15787,5471050,1309305,0,0,87
2026-07-13T17:23:15Z,AERO,0.48757,61594,1926511,0,0,44
2026-07-13T17:23:15Z,DYDX,0.12507,6925,1054108,0,0,45
2026-07-13T17:23:15Z,AVAX,6.4747,1148040,3132355,0,0,87
2026-07-13T17:23:15Z,APE,0.1503,40000,157512,0,0,40
2026-07-13T17:23:15Z,OP,0.09862,522321,177578,0,0,51
2026-07-13T17:23:15Z,CRV,0.21575,161693,834651,0,0,63
2026-07-13T17:23:15Z,CFX,0.04253,5985,822036,0,0,38
2026-07-13T17:23:15Z,GMX,5.6008,8019,183598,0,0,37
2026-07-13T17:23:15Z,SNX,0.228,239079,45359,0,0,34
2026-07-13T17:23:15Z,APT,0.5938,535321,107307,0,0,60
2026-07-13T17:23:15Z,COMP,16.691,67731,188538,0,0,33
2026-07-13T17:23:15Z,YGG,0.02135,22069,46081,0,0,28
2026-07-13T17:23:15Z,kSHIB,0.004153,237187,717389,0,0,41
2026-07-13T17:23:15Z,SEI,0.047632,96526,241381,0,0,44
2026-07-13T17:23:15Z,DOT,0.83475,941814,321411,0,0,60
2026-07-13T17:23:15Z,BANANA,3.434,1138,30172,0,0,21
2026-07-13T17:23:15Z,TRB,15.2,166691,44885,0,0,32
2026-07-13T17:23:15Z,MINA,0.042547,147870,104479,0,0,31
2026-07-13T17:23:15Z,POLYX,0.035476,9867,37085,0,0,24
2026-07-13T17:23:15Z,GAS,1.0324,42446,55950,0,0,21
2026-07-13T17:23:15Z,FET,0.15908,18134,1617007,0,0,39
2026-07-13T17:23:15Z,MEME,0.000541,79806,78704,0,0,27
2026-07-13T17:23:15Z,FIL,0.75513,517674,298034,0,0,47
2026-07-13T17:23:15Z,SUSHI,0.15889,105641,100667,0,0,32
2026-07-13T17:23:15Z,IMX,0.13089,14344,401160,0,0,35
2026-07-13T17:23:15Z,GMT,0.007457,50855,50622,0,0,29
2026-07-13T17:23:15Z,SUPER,0.084295,10484,47644,0,0,20
2026-07-13T17:23:15Z,kLUNC,0.059125,74283,85290,0,0,22
2026-07-13T17:23:15Z,RSR,0.001216,36868,31992,0,0,18
2026-07-13T17:23:15Z,GALA,0.002023,21420,13277,0,0,32
2026-07-13T17:23:15Z,JTO,0.63245,338419,2315530,0,0,58
2026-07-13T17:23:15Z,ACE,0.0706,44360,82486,0,0,25
2026-07-13T17:23:15Z,WIF,0.14925,53906,609575,0,0,52
2026-07-13T17:23:15Z,PEOPLE,0.005438,45825,19561,0,0,25
2026-07-13T17:23:15Z,MANTA,0.05927,8388,94486,0,0,29
2026-07-13T17:23:15Z,ALT,0.006259,112064,21655,0,0,29
2026-07-13T17:23:15Z,ZETA,0.03432,138925,2173,0,0,34
2026-07-13T17:23:15Z,DYM,0.01515,11731,61247,0,0,22
2026-07-13T17:23:15Z,W,0.00962,185883,342306,0,0,36
2026-07-13T17:23:15Z,STRK,0.02917,61106,419891,0,0,43
2026-07-13T17:23:15Z,AR,1.9325,27606,609038,0,0,42
2026-07-13T17:23:15Z,kFLOKI,0.021895,187776,206537,0,0,32
2026-07-13T17:23:15Z,BOME,0.000404,53086,57126,0,0,24
2026-07-13T17:23:15Z,ETHFI,0.39428,159007,1087077,0,0,49
2026-07-13T17:23:15Z,MNT,0.42493,24788,349530,0,0,31
2026-07-13T17:23:15Z,TNSR,0.03146,81048,15167,0,0,33
2026-07-13T17:23:15Z,SAGA,0.01251,1637,195882,0,0,31
2026-07-13T17:23:15Z,MERL,0.017015,97194,77970,0,0,22
2026-07-13T17:23:15Z,HBAR,0.066603,16302,907578,0,0,45
2026-07-13T17:23:15Z,REZ,0.002396,7982,101089,0,0,25
2026-07-13T17:23:15Z,NOT,0.000374,54887,70196,0,0,16
2026-07-13T17:23:15Z,BRETT,0.005099,64066,77563,0,0,33
2026-07-13T17:23:15Z,IO,0.15605,191677,109283,0,0,31
2026-07-13T17:23:15Z,ZK,0.010201,168357,242837,0,0,37
2026-07-13T17:23:15Z,CELO,0.070507,21011,21107,0,0,27
2026-07-13T17:23:15Z,HMSTR,0.0002,31631,56980,0,0,29
2026-07-13T17:23:15Z,kNEIRO,0.06044,45783,40892,0,0,21
2026-07-13T17:23:15Z,PURR,0.079802,12984,987875,0,0,26
2026-07-13T17:23:15Z,PNUT,0.04232,4881,413793,0,0,37
2026-07-13T17:23:15Z,SAND,0.047269,140026,49204,0,0,29
2026-07-13T17:23:15Z,ALGO,0.08356,124683,375995,0,0,38
2026-07-13T17:23:15Z,ME,0.06429,72027,76332,0,0,33
2026-07-13T17:23:15Z,MOVE,0.010735,32216,83442,0,0,33
2026-07-13T17:23:15Z,VIRTUAL,0.55596,215103,1903967,0,0,55
2026-07-13T17:23:15Z,PENGU,0.005861,123049,625998,0,0,66
2026-07-13T17:23:15Z,USUAL,0.00863,18634,47808,0,0,21
2026-07-13T17:23:15Z,AIXBT,0.018513,86228,186605,0,0,35
2026-07-13T17:23:15Z,BIO,0.028178,62803,229811,0,0,38
2026-07-13T17:23:15Z,GRIFFAIN,0.008377,108883,74625,0,0,28
2026-07-13T17:23:15Z,TRUMP,1.5365,2209700,355609,0,0,65
2026-07-13T17:23:15Z,MELANIA,0.07971,346213,41722,0,0,33
2026-07-13T17:23:15Z,ANIME,0.002698,53051,40492,0,0,37
2026-07-13T17:23:15Z,BERA,0.18449,49170,231276,0,0,43
2026-07-13T17:23:15Z,LAYER,0.064611,37936,40014,0,0,28
2026-07-13T17:23:15Z,KAITO,0.7044,541912,343373,0,0,37
2026-07-13T17:23:15Z,NIL,0.033622,41037,176706,0,0,27
2026-07-13T17:23:15Z,PAXG,4000.4,3380366,3887897,0,0,49
2026-07-13T17:23:15Z,BABY,0.012631,33954,56579,0,0,31
2026-07-13T17:23:15Z,WCT,0.04312,20371,30554,0,0,24
2026-07-13T17:23:15Z,HYPER,0.066651,61195,111327,0,0,21
2026-07-13T17:23:15Z,INIT,0.053742,29182,27270,0,0,27
2026-07-13T17:23:15Z,NXPC,0.25277,24995,169707,0,0,26
2026-07-13T17:23:15Z,SOPH,0.004619,9425,6967,0,0,29
2026-07-13T17:23:15Z,RESOLV,0.019417,42922,82636,0,0,22
2026-07-13T17:23:15Z,PROVE,0.20349,70912,90000,0,0,27
2026-07-13T17:23:15Z,AVNT,0.093639,107391,180162,0,0,33
2026-07-13T17:23:15Z,STBL,0.02251,60029,225509,0,0,28
2026-07-13T17:23:15Z,HEMI,0.004277,18491,184289,0,0,26
2026-07-13T17:23:15Z,APEX,0.26489,7439,82493,0,0,23
2026-07-13T17:23:15Z,2Z,0.072072,183792,167639,0,0,28
2026-07-13T17:23:15Z,MET,0.15161,304617,509635,0,194,37
2026-07-13T17:23:15Z,ICP,2.1703,62958,237409,0,0,40
2026-07-13T17:23:15Z,STABLE,0.037019,31364,594932,0,0,27
2026-07-13T17:23:15Z,FOGO,0.009497,14838,76020,0,0,21
2026-07-13T17:23:15Z,AXS,0.98594,58806,131793,0,0,29
2026-07-13T17:23:15Z,DASH,33.11,39032,261000,0,0,30
2026-07-13T17:23:15Z,SKR,0.009262,32571,54777,0,0,20
2026-07-13T17:23:15Z,GRAM,1.5988,108335,1278795,0,0,41
2026-07-13T17:23:15Z,CASHCAT,0.15508,41423,156675,0,0,19
2026-07-13T17:23:15Z,ENA,0.078627,747530,4978658,0,0,86
2026-07-13T17:23:15Z,POPCAT,0.043704,38517,342907,0,0,31
2026-07-13T17:23:15Z,LINEA,0.002461,62535,302527,0,0,38
2026-07-13T17:23:15Z,ASTER,0.6198,702727,3519669,0,0,72
2026-07-13T17:23:15Z,ZRO,0.84252,501459,4733091,0,0,68
2026-07-13T17:23:15Z,ZEN,4.0588,8777,74562,0,0,20
2026-07-13T17:23:15Z,CAKE,1.3816,54399,298279,0,0,34
2026-07-13T17:23:15Z,MOODENG,0.038179,68951,68979,0,0,27
2026-07-13T17:23:15Z,S,0.025406,195662,299826,0,0,39
2026-07-13T17:23:15Z,ZORA,0.006684,46980,119960,0,0,25
2026-07-13T17:23:15Z,0G,0.17427,94024,89822,0,0,22
2026-07-13T17:23:15Z,BLUR,0.017256,358372,408313,0,0,35
2026-07-13T17:23:15Z,TIA,0.40513,95011,311596,0,0,48
2026-07-13T17:23:15Z,CHIP,0.03057,76606,698693,0,0,42
2026-07-13T17:23:15Z,PENDLE,1.4615,98577,401671,0,0,44
2026-07-13T17:23:15Z,ATOM,1.5366,533670,83454,0,0,38
2026-07-13T17:23:15Z,BIGTIME,0.006872,45030,60257,0,0,29
2026-07-13T17:23:15Z,ORDI,3.5958,54847,132739,0,0,34
2026-07-13T17:23:15Z,NEO,1.9166,93020,90709,0,0,29
2026-07-13T17:23:15Z,PYTH,0.047064,62384,501757,0,0,31
2026-07-13T17:23:15Z,ENS,4.0529,164,466171,0,0,35
2026-07-13T17:23:15Z,ETC,6.9354,140210,187354,0,0,32
2026-07-13T17:23:15Z,UMA,0.35966,59030,105680,0,0,22
2026-07-13T17:23:15Z,GRASS,0.36109,36437,552888,0,0,43
2026-07-13T17:23:15Z,SYRUP,0.18725,21489,1324178,0,0,35
2026-07-13T17:23:15Z,SKY,0.059078,1966,575416,0,0,29
2026-07-13T17:23:15Z,INJ,4.7024,419465,142445,0,0,47
2026-07-13T17:23:15Z,RUNE,0.40299,51247,245363,0,0,25
2026-07-13T17:23:15Z,TURBO,0.000832,36854,120553,0,0,31
2026-07-13T17:23:15Z,IOTA,0.037182,84970,12294,0,0,18
2026-07-13T17:23:15Z,STX,0.16456,74748,69714,0,0,33
2026-07-13T17:23:15Z,MEGA,0.047167,28982,287350,0,0,34
2026-07-13T17:23:15Z,KAS,0.028632,67817,22460,0,0,27
2026-07-13T17:23:15Z,BSV,14.49,1715,138587,0,0,23
2026-07-13T17:23:15Z,AZTEC,0.014003,56974,55042,0,0,19
2026-07-13T17:23:15Z,VINE,0.008735,11549,25662,0,0,10
2026-07-13T18:52:47Z,HYPE,63.764,36572256,71999511,247488,0,202
2026-07-13T18:52:47Z,ZEC,512.55,2449789,34395365,152627,0,138
2026-07-13T18:52:47Z,ETH,1766.4,7137264,278184519,400224,1224975,220
2026-07-13T18:52:47Z,PUMP,0.00146,460466,10655588,7716,0,98
2026-07-13T18:52:47Z,MET,0.14931,307455,490034,0,0,40
2026-07-13T18:52:47Z,BTC,62075.0,36160890,290489579,13589443,0,241
2026-07-13T18:52:47Z,SOL,74.989,19593628,58216604,14249264,11173,185
2026-07-13T18:52:47Z,SUI,0.71853,534405,7769993,0,0,109
2026-07-13T18:52:47Z,kPEPE,0.002694,201342,3614487,0,0,71
2026-07-13T18:52:47Z,XRP,1.0623,5253660,20799763,0,0,142
2026-07-13T18:52:47Z,AAVE,94.49,508031,17038284,1701,0,115
2026-07-13T18:52:47Z,WLD,0.3949,400838,6801233,790,17819,103
2026-07-13T18:52:47Z,ZRO,0.86528,471989,5100879,0,0,71
2026-07-13T18:52:47Z,NEAR,1.9058,555142,13439553,4811,0,117
2026-07-13T18:52:47Z,FARTCOIN,0.1407,1024616,1768772,0,0,86
2026-07-13T18:52:47Z,XPL,0.089674,176009,8766657,897,0,85
2026-07-13T18:52:47Z,ASTER,0.62335,771556,3600225,0,0,77
2026-07-13T18:52:47Z,LIT,2.3334,7645896,14446259,257,0,97
2026-07-13T18:52:47Z,ATOM,1.5356,534703,83317,0,0,41
2026-07-13T18:52:47Z,DYDX,0.1247,14454,1049930,0,0,51
2026-07-13T18:52:47Z,AVAX,6.4633,1154004,3427731,1293,0,97
2026-07-13T18:52:47Z,BNB,564.69,3812405,3799334,0,0,98
2026-07-13T18:52:47Z,APE,0.1476,26230,157626,0,0,45
2026-07-13T18:52:47Z,OP,0.09821,520740,185000,0,0,54
2026-07-13T18:52:47Z,LTC,43.163,117008,1977966,0,0,84
2026-07-13T18:52:47Z,ARB,0.0907,447384,1735037,0,0,84
2026-07-13T18:52:47Z,DOGE,0.071414,1688064,6237028,0,0,112
2026-07-13T18:52:47Z,INJ,4.6835,439467,146834,0,0,54
2026-07-13T18:52:47Z,CRV,0.21243,143204,924323,0,0,68
2026-07-13T18:52:47Z,LDO,0.31696,151787,1989843,0,0,63
2026-07-13T18:52:47Z,LINK,7.8603,1900693,9135373,0,0,112
2026-07-13T18:52:47Z,CFX,0.042458,5944,820018,0,0,43
2026-07-13T18:52:47Z,BCH,236.03,592490,1172326,0,0,73
2026-07-13T18:52:47Z,APT,0.5903,535249,115177,0,0,64
2026-07-13T18:52:47Z,TRX,0.32541,4774871,736574,56567,0,58
2026-07-13T18:52:47Z,UNI,3.505,863966,3160414,0,0,92
2026-07-13T18:52:47Z,SEI,0.047398,96832,244417,948,0,47
2026-07-13T18:52:47Z,RUNE,0.4031,55561,254441,0,0,28
2026-07-13T18:52:47Z,DOT,0.83039,968739,323841,0,0,66
2026-07-13T18:52:47Z,TRB,15.091,161879,51165,0,0,35
2026-07-13T18:52:47Z,BLUR,0.016985,352267,404563,0,0,38
2026-07-13T18:52:47Z,TIA,0.40347,83929,334079,0,0,53
2026-07-13T18:52:47Z,ADA,0.15772,5527587,1497857,0,0,98
2026-07-13T18:52:47Z,PENDLE,1.46,143565,385669,0,0,50
2026-07-13T18:52:47Z,MEME,0.000539,78260,79051,0,0,29
2026-07-13T18:52:47Z,ORDI,3.555,55358,132359,0,0,38
2026-07-13T18:52:47Z,ZEN,4.039,8462,74965,0,0,23
2026-07-13T18:52:47Z,FIL,0.75235,506701,334438,0,0,49
2026-07-13T18:52:47Z,PYTH,0.04697,62354,509957,470,0,38
2026-07-13T18:52:47Z,SUSHI,0.15757,108461,100705,0,0,36
2026-07-13T18:52:47Z,kBONK,0.003742,871788,1793494,0,0,52
2026-07-13T18:52:47Z,JUP,0.21007,735483,2072140,0,0,73
2026-07-13T18:52:47Z,kLUNC,0.0591,73871,84425,0,0,22
2026-07-13T18:52:47Z,GALA,0.002001,23232,12796,0,0,35
2026-07-13T18:52:47Z,JTO,0.62876,339879,2293652,0,0,61
2026-07-13T18:52:47Z,WIF,0.15071,56247,623160,0,0,56
2026-07-13T18:52:47Z,CAKE,1.3752,54193,293214,0,0,37
2026-07-13T18:52:47Z,ENS,4.0501,503,468789,0,0,42
2026-07-13T18:52:47Z,ETC,6.8736,147432,192374,0,0,36
2026-07-13T18:52:47Z,MANTA,0.05846,10170,94393,0,0,33
2026-07-13T18:52:47Z,ONDO,0.31268,141353,1480214,0,0,71
2026-07-13T18:52:47Z,ALT,0.00624,112322,22275,0,0,33
2026-07-13T18:52:47Z,W,0.00952,183504,340572,0,0,39
2026-07-13T18:52:47Z,STRK,0.02893,66283,397888,0,0,46
2026-07-13T18:52:47Z,TAO,199.27,132049,6560697,0,0,102
2026-07-13T18:52:47Z,AR,1.9206,28601,607537,0,0,44
2026-07-13T18:52:47Z,kFLOKI,0.021879,191746,206883,0,0,35
2026-07-13T18:52:47Z,ETHFI,0.38308,97527,1090545,0,0,53
2026-07-13T18:52:47Z,ENA,0.078499,828282,4918004,1567,0,93
2026-07-13T18:52:47Z,TNSR,0.03139,81503,16168,0,0,37
2026-07-13T18:52:47Z,SAGA,0.01233,1503,196854,0,0,34
2026-07-13T18:52:47Z,HBAR,0.066336,21485,937741,0,0,53
2026-07-13T18:52:47Z,POPCAT,0.043636,38211,342179,0,0,35
2026-07-13T18:52:47Z,EIGEN,0.2407,231886,1159700,0,0,58
2026-07-13T18:52:47Z,NOT,0.000371,54433,69628,0,0,16
2026-07-13T18:52:47Z,IO,0.15415,188196,108217,0,0,34
2026-07-13T18:52:47Z,ZK,0.010104,167212,240264,0,0,41
2026-07-13T18:52:47Z,RENDER,1.4935,237857,135318,0,0,44
2026-07-13T18:52:47Z,POL,0.082004,100330,731395,0,0,45
2026-07-13T18:52:47Z,HMSTR,0.000196,31270,58109,0,0,31
2026-07-13T18:52:47Z,GRASS,0.35921,32179,581160,0,0,46
2026-07-13T18:52:47Z,PNUT,0.04232,6273,414807,0,0,40
2026-07-13T18:52:47Z,XLM,0.18162,857250,612611,0,0,63
2026-07-13T18:52:47Z,SAND,0.047031,138333,53054,0,0,32
2026-07-13T18:52:47Z,ALGO,0.083224,124761,374220,0,0,44
2026-07-13T18:52:47Z,ME,0.06414,72037,75608,0,0,37
2026-07-13T18:52:47Z,MOVE,0.010671,31876,82945,0,0,39
2026-07-13T18:52:47Z,VIRTUAL,0.55299,210708,1794381,1663,0,59
2026-07-13T18:52:47Z,PENGU,0.00582,132973,534343,0,0,72
2026-07-13T18:52:47Z,BIO,0.027808,59966,225857,0,0,42
2026-07-13T18:52:47Z,SPX,0.35195,160395,440025,0,0,55
2026-07-13T18:52:47Z,S,0.025212,195464,297650,0,0,42
2026-07-13T18:52:47Z,MORPHO,1.9899,145073,469167,0,0,50
2026-07-13T18:52:47Z,TRUMP,1.5276,2195019,381367,0,0,70
2026-07-13T18:52:47Z,VVV,10.741,59373,3393787,0,0,68
2026-07-13T18:52:47Z,BERA,0.1835,47785,232737,0,0,45
2026-07-13T18:52:47Z,KAITO,0.69753,521405,356339,0,0,40
2026-07-13T18:52:47Z,NIL,0.033744,42223,180301,0,0,31
2026-07-13T18:52:47Z,PAXG,4001.6,3573085,3820772,0,0,56
2026-07-13T18:52:47Z,BABY,0.012576,34179,57831,0,0,35
2026-07-13T18:52:47Z,HYPER,0.066476,60467,110877,0,0,24
2026-07-13T18:52:47Z,ZORA,0.006601,46701,119250,0,0,27
2026-07-13T18:52:47Z,RESOLV,0.019292,43100,84899,0,0,25
2026-07-13T18:52:47Z,SYRUP,0.18969,24247,1345955,0,0,42
2026-07-13T18:52:47Z,WLFI,0.05723,1602769,182199,108796,0,66
2026-07-13T18:52:47Z,AVNT,0.092895,109094,184189,0,0,36
2026-07-13T18:52:47Z,0G,0.1721,95700,90060,0,0,25
2026-07-13T18:52:47Z,MON,0.022189,93536,6095262,0,0,78
2026-07-13T18:52:47Z,MEGA,0.047,26614,380050,0,0,39
2026-07-13T18:52:47Z,CC,0.13337,53710,907679,0,0,37
2026-07-13T18:52:47Z,ICP,2.1746,90956,233141,0,0,44
2026-07-13T18:52:47Z,AERO,0.4854,64078,1931048,0,0,47
2026-07-13T18:52:47Z,XMR,320.75,82679,13003468,0,0,73
2026-07-13T18:52:47Z,AXS,0.98176,58999,138382,0,0,32
2026-07-13T18:52:47Z,DASH,33.021,28082,276346,0,0,35
2026-07-13T18:52:47Z,STX,0.16521,77117,73542,0,0,38
2026-07-13T18:52:47Z,GMX,5.5861,9225,182945,0,0,40
2026-07-13T18:52:47Z,SNX,0.22798,238738,46971,0,0,38
2026-07-13T18:52:47Z,YGG,0.021236,23217,47055,0,0,31
2026-07-13T18:52:47Z,BIGTIME,0.006822,47978,63540,0,0,34
2026-07-13T18:52:47Z,MINA,0.042677,148246,108956,0,0,34
2026-07-13T18:52:47Z,GAS,1.029,43109,56437,0,0,23
2026-07-13T18:52:47Z,NEO,1.9104,94488,92183,0,0,30
2026-07-13T18:52:47Z,IMX,0.12959,14610,398323,0,0,37
2026-07-13T18:52:47Z,GMT,0.007396,48933,51755,0,0,31
2026-07-13T18:52:47Z,PEOPLE,0.00533,42894,17790,0,0,25
2026-07-13T18:52:47Z,UMA,0.3606,59862,105910,0,0,24
2026-07-13T18:52:47Z,ZETA,0.0339,135694,2147,0,0,38
2026-07-13T18:52:47Z,TURBO,0.00083,34058,123659,0,0,35
2026-07-13T18:52:47Z,BRETT,0.005066,64509,79034,0,0,36
2026-07-13T18:52:47Z,CELO,0.070519,23141,23734,0,0,31
2026-07-13T18:52:47Z,ANIME,0.00269,52211,40703,0,0,41
2026-07-13T18:52:47Z,LAYER,0.064276,36976,39649,0,0,32
2026-07-13T18:52:47Z,WCT,0.042821,21013,31300,0,0,28
2026-07-13T18:52:47Z,INIT,0.053371,29367,29210,0,0,31
2026-07-13T18:52:47Z,SOPH,0.004603,9709,7183,0,0,31
2026-07-13T18:52:47Z,PROVE,0.2025,70514,88952,0,0,28
2026-07-13T18:52:47Z,LINEA,0.002435,58211,305748,0,0,43
2026-07-13T18:52:47Z,SKY,0.058996,7237,575525,0,0,32
2026-07-13T18:52:47Z,2Z,0.071321,188512,160293,0,0,31
2026-07-13T18:52:47Z,COMP,16.525,67901,214214,0,0,38
2026-07-13T18:52:47Z,kSHIB,0.004134,242632,714121,0,0,44
2026-07-13T18:52:47Z,KAS,0.028352,72156,22701,0,0,32
2026-07-13T18:52:47Z,BSV,14.528,2466,131846,0,0,26
2026-07-13T18:52:47Z,POLYX,0.035273,11823,38573,0,0,26
2026-07-13T18:52:47Z,FET,0.15921,20224,1613834,0,0,46
2026-07-13T18:52:47Z,SUPER,0.083871,11763,48060,0,0,21
2026-07-13T18:52:47Z,ACE,0.0696,47226,84886,0,0,28
2026-07-13T18:52:47Z,XAI,0.00677,131837,54506,0,0,26
2026-07-13T18:52:47Z,DYM,0.01507,10055,60327,0,0,25
2026-07-13T18:52:47Z,BOME,0.000407,53651,57750,0,0,25
2026-07-13T18:52:47Z,MNT,0.42535,25607,340608,0,0,34
2026-07-13T18:52:47Z,REZ,0.002412,7096,100970,0,0,29
2026-07-13T18:52:47Z,kNEIRO,0.06068,46572,41929,0,0,22
2026-07-13T18:52:47Z,GOAT,0.013616,13083,12211,0,0,33
2026-07-13T18:52:47Z,AIXBT,0.01841,88307,190421,0,0,39
2026-07-13T18:52:47Z,GRIFFAIN,0.008317,106242,73401,0,0,29
2026-07-13T18:52:47Z,MELANIA,0.07899,339793,39686,0,0,37
2026-07-13T18:52:47Z,NXPC,0.25171,27521,171378,0,0,28
2026-07-13T18:52:47Z,HEMI,0.004265,18488,184363,0,0,30
2026-07-13T18:52:47Z,APEX,0.26161,5993,87509,0,0,26
2026-07-13T18:52:47Z,STABLE,0.036991,26281,603791,0,0,32
2026-07-13T18:52:47Z,FOGO,0.009308,14390,74259,0,0,24
2026-07-13T18:52:47Z,SKR,0.009218,30725,60481,0,0,25
2026-07-13T18:52:47Z,AZTEC,0.013951,54446,55458,0,0,24
2026-07-13T18:52:47Z,CHIP,0.030126,76759,689315,0,0,48
2026-07-13T18:52:47Z,GRAM,1.5891,88076,1402268,0,0,43
2026-07-13T18:52:47Z,CASHCAT,0.14828,70334,154417,0,0,20
2026-07-13T18:52:47Z,BANANA,3.445,1924,30123,0,0,25
2026-07-13T18:52:47Z,MOODENG,0.037931,68230,69514,0,0,30
2026-07-13T18:52:47Z,RSR,0.001204,36866,32723,0,0,20
2026-07-13T18:52:47Z,MERL,0.016824,96779,79879,0,0,27
2026-07-13T18:52:47Z,PURR,0.080256,10496,998051,0,0,29
2026-07-13T18:52:47Z,IOTA,0.03706,84815,14011,0,0,20
2026-07-13T18:52:47Z,USUAL,0.00857,22818,52342,0,0,24
2026-07-13T18:52:47Z,VINE,0.008744,13889,24111,0,0,12
2026-07-13T18:52:47Z,STBL,0.022359,51541,218855,0,0,31
2026-07-13T20:05:41Z,BTC,62270.0,42690719,300268722,17842112,4990896,261
2026-07-13T20:05:41Z,ETH,1774.3,8656840,287911966,728877,1370808,235
2026-07-13T20:05:41Z,SOL,75.202,17890821,57865682,10666547,0,201
2026-07-13T20:05:41Z,LINK,7.9031,1947276,9483400,0,0,125
2026-07-13T20:05:41Z,XRP,1.0664,5218512,22154527,0,0,153
2026-07-13T20:05:41Z,BCH,235.9,590518,1156018,0,0,76
2026-07-13T20:05:41Z,AAVE,94.772,508909,17498079,1706,0,129
2026-07-13T20:05:41Z,ADA,0.15803,5542187,1504061,0,0,108
2026-07-13T20:05:41Z,ATOM,1.5437,527828,94022,0,0,45
2026-07-13T20:05:41Z,DYDX,0.12313,27366,1015247,0,0,57
2026-07-13T20:05:41Z,AVAX,6.4772,1171875,3488553,1295,0,104
2026-07-13T20:05:41Z,BNB,565.98,3841522,3792960,0,0,108
2026-07-13T20:05:41Z,APE,0.14751,22034,154916,0,0,50
2026-07-13T20:05:41Z,OP,0.09865,520558,184859,0,0,58
2026-07-13T20:05:41Z,LTC,43.276,118941,1988031,0,0,89
2026-07-13T20:05:41Z,ARB,0.0908,441539,1759434,0,0,92
2026-07-13T20:05:41Z,DOGE,0.071835,1682027,6300977,0,0,119
2026-07-13T20:05:41Z,INJ,4.689,436691,153320,0,0,60
2026-07-13T20:05:41Z,SUI,0.72143,529814,7960426,0,0,115
2026-07-13T20:05:41Z,kPEPE,0.002705,187611,3713486,0,0,79
2026-07-13T20:05:41Z,CRV,0.21845,80372,1041012,0,0,74
2026-07-13T20:05:41Z,LDO,0.32029,148265,2109620,0,0,71
2026-07-13T20:05:41Z,STX,0.16543,79565,73237,0,0,43
2026-07-13T20:05:41Z,CFX,0.042712,6777,826990,0,0,51
2026-07-13T20:05:41Z,GMX,5.6457,9637,186226,0,0,45
2026-07-13T20:05:41Z,SNX,0.22641,238765,46720,0,0,42
2026-07-13T20:05:41Z,APT,0.5921,540735,122774,0,0,73
2026-07-13T20:05:41Z,COMP,16.574,65896,212499,0,0,42
2026-07-13T20:05:41Z,WLD,0.39513,387997,7059276,790,11771,110
2026-07-13T20:05:41Z,YGG,0.02123,23608,47484,0,0,37
2026-07-13T20:05:41Z,TRX,0.32569,4788369,743028,56616,0,61
2026-07-13T20:05:41Z,UNI,3.5071,798542,3227838,0,0,97
2026-07-13T20:05:41Z,SEI,0.047496,97933,252309,950,0,52
2026-07-13T20:05:41Z,RUNE,0.40502,54957,254446,0,0,31
2026-07-13T20:05:41Z,ZRO,0.87012,483579,5182545,0,0,77
2026-07-13T20:05:41Z,DOT,0.8389,978423,320710,0,0,70
2026-07-13T20:05:41Z,BANANA,3.4428,1071,31042,0,0,31
2026-07-13T20:05:41Z,TRB,15.065,159160,103478,0,0,41
2026-07-13T20:05:41Z,BIGTIME,0.006807,47354,66554,0,0,37
2026-07-13T20:05:41Z,KAS,0.028395,72700,23570,0,0,35
2026-07-13T20:05:41Z,BLUR,0.016946,351880,405959,0,0,46
2026-07-13T20:05:41Z,TIA,0.40275,78480,328791,0,0,57
2026-07-13T20:05:41Z,BSV,14.747,2669,124550,0,0,33
2026-07-13T20:05:41Z,MINA,0.043127,152498,111019,0,0,38
2026-07-13T20:05:41Z,POLYX,0.035269,12487,36539,0,0,29
2026-07-13T20:05:41Z,GAS,1.0284,43142,56713,0,0,25
2026-07-13T20:05:41Z,PENDLE,1.4628,142654,383226,0,0,57
2026-07-13T20:05:41Z,FET,0.15921,18221,1614493,0,0,52
2026-07-13T20:05:41Z,NEAR,1.9168,453113,13927118,1926,4969,128
2026-07-13T20:05:41Z,MEME,0.000539,79339,79352,0,0,34
2026-07-13T20:05:41Z,ORDI,3.5037,58167,135365,0,0,45
2026-07-13T20:05:41Z,NEO,1.9118,95247,92218,0,0,35
2026-07-13T20:05:41Z,ZEN,4.0479,3860,70599,0,0,27
2026-07-13T20:05:41Z,FIL,0.75385,510372,364910,0,0,56
2026-07-13T20:05:41Z,PYTH,0.046901,61598,510285,469,0,45
2026-07-13T20:05:41Z,SUSHI,0.15775,105613,98184,0,0,39
2026-07-13T20:05:41Z,IMX,0.12996,14126,409606,0,0,43
2026-07-13T20:05:41Z,kBONK,0.003761,876276,1805457,0,0,58
2026-07-13T20:05:41Z,GMT,0.007433,51280,57510,0,0,38
2026-07-13T20:05:41Z,SUPER,0.084102,12565,48404,0,0,26
2026-07-13T20:05:41Z,JUP,0.21011,720641,2094889,0,0,78
2026-07-13T20:05:41Z,GALA,0.002013,25227,14080,0,0,42
2026-07-13T20:05:41Z,JTO,0.63106,313369,2298144,0,0,65
2026-07-13T20:05:41Z,WIF,0.15035,55081,622426,0,0,62
2026-07-13T20:05:41Z,CAKE,1.3818,55781,293355,0,0,40
2026-07-13T20:05:41Z,PEOPLE,0.00532,43270,18520,0,0,29
2026-07-13T20:05:41Z,ENS,4.0753,1190,471576,0,0,46
2026-07-13T20:05:41Z,ETC,6.9052,150045,191885,0,0,37
2026-07-13T20:05:41Z,HBAR,0.066518,25586,935722,0,0,57
2026-07-13T20:05:41Z,POPCAT,0.043654,36933,342224,0,0,41
2026-07-13T20:05:41Z,EIGEN,0.2381,239605,1166918,0,0,66
2026-07-13T20:05:41Z,REZ,0.002417,8549,100260,0,0,35
2026-07-13T20:05:41Z,NOT,0.000372,54953,69816,0,0,18
2026-07-13T20:05:41Z,TURBO,0.000828,35020,123920,0,0,39
2026-07-13T20:05:41Z,BRETT,0.005051,64802,78863,0,0,42
2026-07-13T20:05:41Z,IO,0.1541,188276,108515,0,0,38
2026-07-13T20:05:41Z,ZK,0.010069,164934,240048,0,0,45
2026-07-13T20:05:41Z,RENDER,1.4941,236871,134332,0,0,49
2026-07-13T20:05:41Z,POL,0.082279,104897,723843,0,0,50
2026-07-13T20:05:41Z,CELO,0.071028,21248,23454,0,0,37
2026-07-13T20:05:41Z,HMSTR,0.000195,31426,58231,0,0,37
2026-07-13T20:05:41Z,kNEIRO,0.06079,46193,42380,0,0,28
2026-07-13T20:05:41Z,GOAT,0.013613,14294,12957,0,0,37
2026-07-13T20:05:41Z,MOODENG,0.038035,68242,70197,0,0,31
2026-07-13T20:05:41Z,GRASS,0.36346,29101,678320,0,0,52
2026-07-13T20:05:41Z,PURR,0.080351,9990,1000846,0,0,33
2026-07-13T20:05:41Z,PNUT,0.04246,5611,416870,0,0,45
2026-07-13T20:05:41Z,XLM,0.18186,866585,594182,0,0,67
2026-07-13T20:05:41Z,SAND,0.047225,139210,53365,0,0,34
2026-07-13T20:05:41Z,ALGO,0.083435,122380,377099,0,0,48
2026-07-13T20:05:41Z,HYPE,63.523,35508682,71152620,246553,0,217
2026-07-13T20:05:41Z,ME,0.06375,69682,75427,0,0,42
2026-07-13T20:05:41Z,MOVE,0.01065,31622,83162,0,0,43
2026-07-13T20:05:41Z,VIRTUAL,0.55234,205917,1852376,1661,0,68
2026-07-13T20:05:41Z,PENGU,0.005815,178779,462300,0,0,82
2026-07-13T20:05:41Z,USUAL,0.00861,22540,52635,0,0,27
2026-07-13T20:05:41Z,FARTCOIN,0.14101,988306,1713604,0,0,93
2026-07-13T20:05:41Z,AIXBT,0.018424,89853,191265,0,0,45
2026-07-13T20:05:41Z,BIO,0.027568,57645,221576,0,0,45
2026-07-13T20:05:41Z,GRIFFAIN,0.008308,107728,73454,0,0,34
2026-07-13T20:05:41Z,SPX,0.35148,203068,407685,0,0,66
2026-07-13T20:05:41Z,S,0.02521,197745,296625,0,0,45
2026-07-13T20:05:41Z,MORPHO,2.0051,145513,471685,0,0,54
2026-07-13T20:05:41Z,TRUMP,1.5368,2207202,392519,0,0,79
2026-07-13T20:05:41Z,MELANIA,0.07998,344746,36494,0,0,43
2026-07-13T20:05:41Z,ANIME,0.002692,52653,40788,0,0,45
2026-07-13T20:05:41Z,VINE,0.008733,14294,23543,0,0,12
2026-07-13T20:05:41Z,VVV,10.833,64168,3535274,0,0,72
2026-07-13T20:05:41Z,BERA,0.18349,46988,229374,0,0,49
2026-07-13T20:05:41Z,LAYER,0.064551,35989,38946,0,0,33
2026-07-13T20:05:41Z,KAITO,0.69486,521326,356909,0,0,42
2026-07-13T20:05:41Z,NIL,0.033814,47735,186126,0,0,36
2026-07-13T20:05:41Z,PAXG,4003.1,3581878,3826771,24799,0,62
2026-07-13T20:05:41Z,BABY,0.012581,34032,57733,0,0,38
2026-07-13T20:05:41Z,WCT,0.042935,20033,32217,0,0,30
2026-07-13T20:05:41Z,HYPER,0.066564,60514,110977,0,0,26
2026-07-13T20:05:41Z,ZORA,0.006668,47411,121287,0,0,30
2026-07-13T20:05:41Z,INIT,0.053574,30449,29957,0,0,36
2026-07-13T20:05:41Z,NXPC,0.25119,27534,171167,0,0,33
2026-07-13T20:05:41Z,SOPH,0.00461,10480,8303,0,0,37
2026-07-13T20:05:41Z,RESOLV,0.019176,42828,84528,0,0,28
2026-07-13T20:05:41Z,SYRUP,0.19079,23937,1354132,0,0,45
2026-07-13T20:05:41Z,PUMP,0.001485,440090,11718658,1689,0,104
2026-07-13T20:05:41Z,PROVE,0.20224,70399,87431,0,0,31
2026-07-13T20:05:41Z,XPL,0.089225,180676,8861905,892,0,89
2026-07-13T20:05:41Z,WLFI,0.057461,1663489,183914,110355,0,70
2026-07-13T20:05:41Z,LINEA,0.002485,59935,312215,0,0,46
2026-07-13T20:05:41Z,SKY,0.059068,5892,575687,0,0,35
2026-07-13T20:05:41Z,ASTER,0.628,777156,3780148,0,0,86
2026-07-13T20:05:41Z,AVNT,0.093158,107696,182263,0,0,39
2026-07-13T20:05:41Z,STBL,0.022203,52804,218010,0,0,35
2026-07-13T20:05:41Z,0G,0.17302,95996,90705,0,0,28
2026-07-13T20:05:41Z,HEMI,0.004266,18713,184457,0,0,33
2026-07-13T20:05:41Z,APEX,0.26385,5265,87459,0,0,28
2026-07-13T20:05:41Z,2Z,0.070792,185747,151360,0,0,33
2026-07-13T20:05:41Z,ZEC,503.53,11214575,32034614,137529,0,133
2026-07-13T20:05:41Z,MON,0.021972,85706,6140070,0,0,84
2026-07-13T20:05:41Z,MET,0.14874,312473,482685,0,0,44
2026-07-13T20:05:41Z,MEGA,0.047219,26938,420241,0,0,41
2026-07-13T20:05:41Z,CC,0.13357,54274,911455,0,0,39
2026-07-13T20:05:41Z,ICP,2.1718,88518,232110,0,0,46
2026-07-13T20:05:41Z,AERO,0.48423,64040,2003470,0,0,52
2026-07-13T20:05:41Z,STABLE,0.037365,38243,592092,0,0,36
2026-07-13T20:05:41Z,FOGO,0.00943,14540,76037,0,0,26
2026-07-13T20:05:41Z,LIT,2.3281,14334351,14004038,256,0,105
2026-07-13T20:05:41Z,ENA,0.078741,829473,4911319,1572,0,103
2026-07-13T20:05:41Z,kSHIB,0.004144,241322,720526,0,0,50
2026-07-13T20:05:41Z,kLUNC,0.059364,73907,87156,0,0,23
2026-07-13T20:05:41Z,ONDO,0.31298,140166,1492722,0,0,78
2026-07-13T20:05:41Z,W,0.00949,189181,333216,0,0,41
2026-07-13T20:05:41Z,STRK,0.02891,72923,396995,0,0,53
2026-07-13T20:05:41Z,TAO,200.01,111206,6797802,0,0,110
2026-07-13T20:05:41Z,AR,1.9232,28937,608231,0,0,51
2026-07-13T20:05:41Z,kFLOKI,0.022046,195552,209602,0,0,42
2026-07-13T20:05:41Z,ETHFI,0.38229,93210,1088117,0,0,56
2026-07-13T20:05:41Z,MNT,0.42393,26291,353639,0,0,38
2026-07-13T20:05:41Z,IOTA,0.037325,85479,14895,0,0,24
2026-07-13T20:05:41Z,XMR,323.38,71468,13229368,0,0,79
2026-07-13T20:05:41Z,AXS,0.9846,59878,138682,0,0,37
2026-07-13T20:05:41Z,DASH,33.03,30092,277961,0,0,38
2026-07-13T20:05:41Z,RSR,0.001213,38408,33210,0,0,24
2026-07-13T20:05:41Z,UMA,0.36011,57356,103113,0,0,25
2026-07-13T20:05:41Z,ALT,0.006275,114072,23260,0,0,39
2026-07-13T20:05:41Z,ZETA,0.03403,136734,2278,0,0,42
2026-07-13T20:05:41Z,TNSR,0.03135,81309,16285,0,0,40
2026-07-13T20:05:41Z,GRAM,1.5901,87052,1414198,0,0,48
2026-07-13T20:05:41Z,ACE,0.0698,47933,85886,0,0,33
2026-07-13T20:05:41Z,SKR,0.009127,34195,60493,0,0,29
2026-07-13T20:05:41Z,XAI,0.00677,132041,54825,0,0,31
2026-07-13T20:05:41Z,MANTA,0.05904,8156,95593,0,0,39
2026-07-13T20:05:41Z,DYM,0.0151,12048,58917,0,0,29
2026-07-13T20:05:41Z,SAGA,0.01242,3801,199729,0,0,40
2026-07-13T20:05:41Z,CASHCAT,0.13917,80640,167806,0,0,30
2026-07-13T20:05:41Z,AZTEC,0.014125,53356,57087,0,0,28
2026-07-13T20:05:41Z,CHIP,0.030114,76160,688313,0,0,49
2026-07-13T20:05:41Z,BOME,0.000406,54351,56714,0,0,26
2026-07-13T20:05:41Z,MERL,0.016755,95820,78747,0,0,32
2026-07-13T21:09:04Z,BTC,62170.0,42889546,303865685,13178084,21873371,257
2026-07-13T21:09:04Z,ETH,1764.4,6655353,281790175,123508,7674425,233
2026-07-13T21:09:04Z,ATOM,1.5387,500042,106884,0,0,48
2026-07-13T21:09:04Z,DYDX,0.1214,28382,982012,0,0,57
2026-07-13T21:09:04Z,SOL,74.594,15988544,50307280,4824999,253037,201
2026-07-13T21:09:04Z,BNB,565.13,3829002,3791768,0,0,108
2026-07-13T21:09:04Z,APE,0.14762,23603,155388,0,0,50
2026-07-13T21:09:04Z,OP,0.09814,517228,183318,0,0,57
2026-07-13T21:09:04Z,LTC,43.29,112457,1985232,0,0,88
2026-07-13T21:09:04Z,ARB,0.08944,557592,1547783,0,0,93
2026-07-13T21:09:04Z,DOGE,0.07167,1678975,6240670,0,0,117
2026-07-13T21:09:04Z,INJ,4.6671,432075,148883,0,0,59
2026-07-13T21:09:04Z,SUI,0.71762,621092,7850222,0,0,113
2026-07-13T21:09:04Z,CRV,0.21546,119389,1015619,0,0,72
2026-07-13T21:09:04Z,LDO,0.31741,152724,2094250,0,0,72
2026-07-13T21:09:04Z,LINK,7.8593,1938569,9423065,0,0,125
2026-07-13T21:09:04Z,CFX,0.042373,7456,823721,0,0,51
2026-07-13T21:09:04Z,GMX,5.7009,9655,185259,0,0,45
2026-07-13T21:09:04Z,XRP,1.0612,6642297,18443218,0,0,151
2026-07-13T21:09:04Z,APT,0.5871,535057,122334,0,0,72
2026-07-13T21:09:04Z,AAVE,94.17,487709,17362320,1695,0,127
2026-07-13T21:09:04Z,COMP,16.491,65489,211463,0,0,42
2026-07-13T21:09:04Z,WLD,0.38937,371577,6943700,779,4750,110
2026-07-13T21:09:04Z,YGG,0.021067,24301,47965,0,0,37
2026-07-13T21:09:04Z,TRX,0.32528,4767975,815881,56544,0,62
2026-07-13T21:09:04Z,kSHIB,0.004114,240198,714486,0,0,50
2026-07-13T21:09:04Z,UNI,3.486,775807,3202948,0,19944,97
2026-07-13T21:09:04Z,SEI,0.047298,96157,255331,946,0,53
2026-07-13T21:09:04Z,RUNE,0.4043,55028,255618,0,0,31
2026-07-13T21:09:04Z,ZRO,0.86639,482692,5151353,0,0,77
2026-07-13T21:09:04Z,DOT,0.8337,974496,319311,0,0,70
2026-07-13T21:09:04Z,BANANA,3.3768,1087,30045,0,0,30
2026-07-13T21:09:04Z,TRB,15.068,154905,98523,0,0,41
2026-07-13T21:09:04Z,BIGTIME,0.006761,46874,65917,0,0,37
2026-07-13T21:09:04Z,KAS,0.028345,72600,23524,0,0,34
2026-07-13T21:09:04Z,BLUR,0.016848,349683,404104,0,0,47
2026-07-13T21:09:04Z,BSV,14.633,10611,116976,0,0,34
2026-07-13T21:09:04Z,ADA,0.15725,5547113,1519350,0,0,108
2026-07-13T21:09:04Z,MINA,0.042674,151492,111899,0,0,38
2026-07-13T21:09:04Z,POLYX,0.0351,11688,35397,0,0,29
2026-07-13T21:09:04Z,GAS,1.023,42609,56127,0,0,25
2026-07-13T21:09:04Z,NEAR,1.8973,432390,13768153,1907,11957,127
2026-07-13T21:09:04Z,ORDI,3.4968,58400,133155,0,0,45
2026-07-13T21:09:04Z,ZEN,4.0035,6288,73006,0,0,27
2026-07-13T21:09:04Z,FIL,0.75068,509356,363743,0,0,55
2026-07-13T21:09:04Z,SUSHI,0.15692,107100,96830,0,0,40
2026-07-13T21:09:04Z,kBONK,0.003718,866767,1784690,0,0,57
2026-07-13T21:09:04Z,GMT,0.007395,50379,56218,0,0,40
2026-07-13T21:09:04Z,JUP,0.20861,714599,2082569,0,0,78
2026-07-13T21:09:04Z,kLUNC,0.058427,72580,85055,0,0,24
2026-07-13T21:09:04Z,RSR,0.001204,37873,33098,0,0,24
2026-07-13T21:09:04Z,GALA,0.002,24540,13698,0,0,42
2026-07-13T21:09:04Z,JTO,0.62303,239238,2251996,0,0,68
2026-07-13T21:09:04Z,ACE,0.0694,47687,85765,0,0,33
2026-07-13T21:09:04Z,PEOPLE,0.005272,43019,18708,0,0,30
2026-07-13T21:09:04Z,ENS,4.0567,1185,469424,0,0,46
2026-07-13T21:09:04Z,ETC,6.8785,149526,191255,0,0,38
2026-07-13T21:09:04Z,MANTA,0.05849,8012,94621,0,0,39
2026-07-13T21:09:04Z,UMA,0.35722,56725,102443,0,0,25
2026-07-13T21:09:04Z,ONDO,0.31085,142333,1464637,0,0,78
2026-07-13T21:09:04Z,ZETA,0.03381,135940,2314,0,0,42
2026-07-13T21:09:04Z,DYM,0.01507,12162,58513,0,0,30
2026-07-13T21:09:04Z,TAO,199.78,111368,6854249,0,0,110
2026-07-13T21:09:04Z,AR,1.9102,32277,602334,0,0,52
2026-07-13T21:09:04Z,kFLOKI,0.021836,193383,207364,0,0,42
2026-07-13T21:09:04Z,ETHFI,0.37789,83411,1088681,0,0,56
2026-07-13T21:09:04Z,ENA,0.078019,848967,4829717,1558,0,102
2026-07-13T21:09:04Z,MNT,0.42206,25575,351457,0,0,39
2026-07-13T21:09:04Z,SAGA,0.01223,4923,195934,0,0,40
2026-07-13T21:09:04Z,MERL,0.016698,94385,77306,0,0,33
2026-07-13T21:09:04Z,EIGEN,0.2369,217824,1152583,0,0,61
2026-07-13T21:09:04Z,REZ,0.002413,8383,99773,0,0,35
2026-07-13T21:09:04Z,TURBO,0.000826,34773,123484,0,0,39
2026-07-13T21:09:04Z,BRETT,0.005018,64407,78218,0,0,42
2026-07-13T21:09:04Z,ZK,0.01001,163398,238501,0,0,46
2026-07-13T21:09:04Z,RENDER,1.4831,235411,139977,0,0,50
2026-07-13T21:09:04Z,CELO,0.070667,21691,22677,0,0,37
2026-07-13T21:09:04Z,HMSTR,0.000196,31396,58229,0,0,37
2026-07-13T21:09:04Z,kNEIRO,0.06039,46673,42609,0,0,28
2026-07-13T21:09:04Z,GOAT,0.013455,13766,12717,0,0,37
2026-07-13T21:09:04Z,MOODENG,0.03754,68442,70068,0,0,31
2026-07-13T21:09:04Z,GRASS,0.35893,28030,676087,0,0,52
2026-07-13T21:09:04Z,XLM,0.18021,863906,587604,0,0,66
2026-07-13T21:09:04Z,SAND,0.046942,139149,53616,0,0,34
2026-07-13T21:09:04Z,HYPE,63.152,34815144,73353829,243219,0,218
2026-07-13T21:09:04Z,MOVE,0.010616,31446,81819,0,0,43
2026-07-13T21:09:04Z,VIRTUAL,0.54918,203492,1837884,1651,0,69
2026-07-13T21:09:04Z,PENGU,0.005791,208815,415699,0,0,81
2026-07-13T21:09:04Z,USUAL,0.0085,22437,52379,0,0,27
2026-07-13T21:09:04Z,FARTCOIN,0.13891,1023809,1671828,1428,0,94
2026-07-13T21:09:04Z,AIXBT,0.018276,89186,189679,0,0,45
2026-07-13T21:09:04Z,GRIFFAIN,0.008265,107981,74100,0,0,34
2026-07-13T21:09:04Z,SPX,0.34225,205039,380177,0,0,61
2026-07-13T21:09:04Z,MORPHO,1.9984,141944,466712,0,0,54
2026-07-13T21:09:04Z,TRUMP,1.5325,2212115,372791,0,0,78
2026-07-13T21:09:04Z,MELANIA,0.07982,344313,36766,0,0,43
2026-07-13T21:09:04Z,ANIME,0.00269,52399,40501,0,0,45
2026-07-13T21:09:04Z,VINE,0.008623,14364,23227,0,0,12
2026-07-13T21:09:04Z,VVV,10.635,54026,3429411,0,0,72
2026-07-13T21:09:04Z,BERA,0.18373,47312,229911,0,0,48
2026-07-13T21:09:04Z,LAYER,0.064047,35930,38698,0,0,34
2026-07-13T21:09:04Z,NIL,0.03322,44266,178993,0,0,36
2026-07-13T21:09:04Z,PAXG,3999.9,3564563,3798865,24779,0,62
2026-07-13T21:09:04Z,BABY,0.012489,33748,57243,0,0,38
2026-07-13T21:09:04Z,HYPER,0.066446,60847,111234,0,0,27
2026-07-13T21:09:04Z,NXPC,0.25128,27982,171203,0,0,33
2026-07-13T21:09:04Z,SOPH,0.004591,10833,8868,0,0,37
2026-07-13T21:09:04Z,SYRUP,0.18993,33018,1346953,0,0,43
2026-07-13T21:09:04Z,PUMP,0.00148,440116,11479647,2623,0,102
2026-07-13T21:09:04Z,XPL,0.088426,181454,8792863,884,0,90
2026-07-13T21:09:04Z,WLFI,0.057383,1661954,184346,110223,0,70
2026-07-13T21:09:04Z,LINEA,0.002491,61273,312911,0,0,46
2026-07-13T21:09:04Z,SKY,0.058758,6050,573212,0,0,35
2026-07-13T21:09:04Z,ASTER,0.62752,777745,3770000,0,0,86
2026-07-13T21:09:04Z,AVNT,0.093065,107721,182214,0,0,40
2026-07-13T21:09:04Z,STBL,0.022187,52593,217611,0,0,35
2026-07-13T21:09:04Z,HEMI,0.004252,18520,183636,0,0,31
2026-07-13T21:09:04Z,APEX,0.265,6354,89139,0,0,28
2026-07-13T21:09:04Z,ZEC,495.17,12621155,29271058,101931,124189,135
2026-07-13T21:09:04Z,MON,0.021891,77611,6118253,0,0,82
2026-07-13T21:09:04Z,MET,0.14745,309334,485756,0,0,44
2026-07-13T21:09:04Z,MEGA,0.047248,27717,420421,0,0,41
2026-07-13T21:09:04Z,CC,0.13268,54617,906511,0,0,40
2026-07-13T21:09:04Z,ICP,2.1599,86795,230111,0,0,46
2026-07-13T21:09:04Z,AERO,0.47974,60773,1991269,0,0,53
2026-07-13T21:09:04Z,LIT,2.3401,14515973,13789861,257,0,109
2026-07-13T21:09:04Z,XMR,322.34,76025,13177668,0,0,79
2026-07-13T21:09:04Z,DASH,32.767,70518,244740,0,0,37
2026-07-13T21:09:04Z,SKR,0.009103,34299,60598,0,0,29
2026-07-13T21:09:04Z,AZTEC,0.013991,47494,57697,0,0,27
2026-07-13T21:09:04Z,CHIP,0.029861,76160,678076,0,0,50
2026-07-13T21:09:04Z,GRAM,1.5846,86625,1393984,0,0,46
2026-07-13T21:09:04Z,BCH,234.91,582087,1144980,0,0,76
2026-07-13T21:09:04Z,AVAX,6.4284,1165312,3433458,1286,0,104
2026-07-13T21:09:04Z,kPEPE,0.00269,187042,3686392,0,0,79
2026-07-13T21:09:04Z,PURR,0.079486,9199,990713,0,0,35
2026-07-13T21:09:04Z,PENDLE,1.4536,142305,375033,0,0,58
2026-07-13T21:09:04Z,STX,0.16393,77311,73206,0,0,43
2026-07-13T21:09:04Z,IMX,0.12883,13903,405976,0,0,43
2026-07-13T21:09:04Z,SUPER,0.0839,11967,47720,0,0,26
2026-07-13T21:09:04Z,ALT,0.006299,113487,24897,0,0,38
2026-07-13T21:09:04Z,STRK,0.02867,74165,393711,0,0,53
2026-07-13T21:09:04Z,POPCAT,0.04321,33730,336429,0,0,41
2026-07-13T21:09:04Z,ALGO,0.083031,121579,374847,0,0,48
2026-07-13T21:09:04Z,TIA,0.40066,82907,318790,0,0,58
2026-07-13T21:09:04Z,FET,0.15798,23724,1595193,0,0,52
2026-07-13T21:09:04Z,MEME,0.000537,79292,79520,0,0,34
2026-07-13T21:09:04Z,PYTH,0.046573,63021,506260,466,0,46
2026-07-13T21:09:04Z,WIF,0.14949,55540,617563,0,0,62
2026-07-13T21:09:04Z,W,0.00942,184826,332025,0,0,41
2026-07-13T21:09:04Z,BOME,0.000403,54115,57163,0,0,26
2026-07-13T21:09:04Z,TNSR,0.03125,80870,16122,0,0,40
2026-07-13T21:09:04Z,NOT,0.000371,54805,69628,0,0,18
2026-07-13T21:09:04Z,IO,0.15285,190845,112563,0,0,38
2026-07-13T21:09:04Z,POL,0.081826,102702,718743,0,0,50
2026-07-13T21:09:04Z,ME,0.06363,70736,75655,0,0,42
2026-07-13T21:09:04Z,NEO,1.9054,94509,91551,0,0,35
2026-07-13T21:09:04Z,CAKE,1.3774,54966,291700,0,0,40
2026-07-13T21:09:04Z,XAI,0.00674,131412,54581,0,0,31
2026-07-13T21:09:04Z,PNUT,0.04237,6651,416137,0,0,45
2026-07-13T21:09:04Z,IOTA,0.037185,84962,14880,0,0,24
2026-07-13T21:09:04Z,BIO,0.027346,55876,219087,0,0,45
2026-07-13T21:09:04Z,WCT,0.04266,19292,31398,0,0,30
2026-07-13T21:09:04Z,ZORA,0.006696,46731,120546,0,0,29
2026-07-13T21:09:04Z,INIT,0.053219,30518,30011,0,0,36
2026-07-13T21:09:04Z,PROVE,0.20151,70160,87126,0,0,31
2026-07-13T21:09:04Z,STABLE,0.037072,36011,586062,0,0,36
2026-07-13T21:09:04Z,FOGO,0.009377,14539,75680,0,0,26
2026-07-13T21:09:04Z,AXS,0.9793,59988,138368,0,0,37
2026-07-13T21:09:04Z,CASHCAT,0.15382,84134,287938,0,0,30
2026-07-13T21:09:04Z,SNX,0.22508,237173,46445,0,0,42
2026-07-13T21:09:04Z,2Z,0.070437,186168,150456,0,0,32
2026-07-13T21:09:04Z,HBAR,0.066355,26747,938898,0,0,57
2026-07-13T21:09:04Z,S,0.025014,205743,282587,0,0,44
2026-07-13T21:09:04Z,KAITO,0.68242,513974,344253,0,0,41
2026-07-13T21:09:04Z,RESOLV,0.019119,42331,84839,0,0,29
2026-07-13T21:09:04Z,0G,0.17217,96501,90651,0,0,27
2026-07-13T22:05:32Z,BTC,62169.0,40422614,299332054,13084203,23329766,263
2026-07-13T22:05:32Z,ETH,1764.8,8079490,280194536,141184,7676513,234
2026-07-13T22:05:32Z,SOL,74.555,12763608,47683410,1005801,273803,199
2026-07-13T22:05:32Z,SUI,0.71447,697936,7745935,0,0,117
2026-07-13T22:05:32Z,LINK,7.8492,1946109,9396409,0,0,125
2026-07-13T22:05:32Z,XRP,1.0619,6535642,18315698,0,0,151
2026-07-13T22:05:32Z,WLD,0.38966,391432,6913636,779,168,110
2026-07-13T22:05:32Z,PYTH,0.047068,56522,568856,471,0,45
2026-07-13T22:05:32Z,JUP,0.20808,706015,2082365,0,0,78
2026-07-13T22:05:32Z,ONDO,0.31001,159864,1416552,0,0,76
2026-07-13T22:05:32Z,W,0.00946,186507,334434,0,0,41
2026-07-13T22:05:32Z,TAO,200.65,115255,6876720,0,0,109
2026-07-13T22:05:32Z,XLM,0.18074,874008,600525,0,0,72
2026-07-13T22:05:32Z,HYPE,63.101,35359902,72036881,243022,0,214
2026-07-13T22:05:32Z,ZEC,493.38,12811273,28324176,137564,0,136
2026-07-13T22:05:32Z,AVAX,6.4225,1170045,3427774,0,0,103
2026-07-13T22:05:32Z,BNB,565.71,3841903,3783375,0,0,108
2026-07-13T22:05:32Z,OP,0.09772,514477,189597,0,0,58
2026-07-13T22:05:32Z,LTC,43.286,103720,1980250,0,0,89
2026-07-13T22:05:32Z,ARB,0.08946,531562,1409587,0,0,90
2026-07-13T22:05:32Z,DOGE,0.07165,1653242,6151290,0,0,118
2026-07-13T22:05:32Z,BCH,234.4,582455,1128339,0,0,77
2026-07-13T22:05:32Z,AAVE,94.08,463262,17244786,1693,0,123
2026-07-13T22:05:32Z,TRX,0.32447,4762780,840571,56404,0,62
2026-07-13T22:05:32Z,UNI,3.5145,709757,3206558,0,20108,97
2026-07-13T22:05:32Z,CAKE,1.3834,55118,292550,0,0,40
2026-07-13T22:05:32Z,ETC,6.8426,148759,190038,0,0,36
2026-07-13T22:05:32Z,POL,0.082363,103832,719882,0,0,50
2026-07-13T22:05:32Z,PAXG,4001.4,3536145,3766830,0,0,61
2026-07-13T22:05:32Z,XMR,322.02,73532,13160349,0,0,78
2026-07-13T22:05:32Z,DASH,32.72,69710,243606,0,0,37
2026-07-13T22:05:32Z,GRAM,1.586,85600,1395705,0,0,43
2026-07-13T22:05:32Z,ADA,0.15673,5547774,1515190,0,0,111
2026-07-13T22:05:32Z,INJ,4.644,423026,143399,1395,0,61
2026-07-13T22:05:32Z,kPEPE,0.002689,180197,3651025,0,0,78
2026-07-13T22:05:32Z,CRV,0.21128,327764,896240,101,0,79
2026-07-13T22:05:32Z,ZRO,0.86175,475854,5142483,0,0,76
2026-07-13T22:05:32Z,PENDLE,1.4561,139104,375284,0,0,58
2026-07-13T22:05:32Z,NEAR,1.8811,678797,13606222,950,41122,128
2026-07-13T22:05:32Z,JTO,0.6267,185211,2309670,0,0,74
2026-07-13T22:05:32Z,ENA,0.077932,638639,4988166,1556,0,100
2026-07-13T22:05:32Z,PENGU,0.005765,190708,417705,0,0,81
2026-07-13T22:05:32Z,FARTCOIN,0.13746,1395717,1390721,0,0,93
2026-07-13T22:05:32Z,TRUMP,1.5329,2210907,372615,0,0,77
2026-07-13T22:05:32Z,VVV,10.54,52898,3425928,0,0,76
2026-07-13T22:05:32Z,PUMP,0.001478,437757,11557674,4003,0,103
2026-07-13T22:05:32Z,XPL,0.088245,184499,8796039,882,0,90
2026-07-13T22:05:32Z,ASTER,0.62636,774054,3769146,0,0,88
2026-07-13T22:05:32Z,MON,0.021983,78125,6139327,0,0,82
2026-07-13T22:05:32Z,MEGA,0.047188,28591,418462,0,0,41
2026-07-13T22:05:32Z,LIT,2.294,14434706,13280085,252,0,102
2026-07-13T22:05:32Z,CHIP,0.02945,79230,647348,0,0,51
2026-07-13T22:05:32Z,ATOM,1.5359,499617,107890,0,0,48
2026-07-13T22:05:32Z,LDO,0.31608,155051,2076601,0,0,70
2026-07-13T22:05:32Z,STX,0.16485,78098,73413,0,0,43
2026-07-13T22:05:32Z,APT,0.5857,528098,129686,0,0,72
2026-07-13T22:05:32Z,COMP,16.468,66638,211573,0,0,43
2026-07-13T22:05:32Z,SEI,0.047285,97125,255557,946,0,53
2026-07-13T22:05:32Z,DOT,0.83375,970028,337312,0,0,70
2026-07-13T22:05:32Z,TIA,0.39755,82019,318855,0,0,60
2026-07-13T22:05:32Z,WIF,0.14895,55297,615120,0,0,62
2026-07-13T22:05:32Z,FET,0.15698,20822,1582351,1591,0,52
2026-07-13T22:05:32Z,POPCAT,0.04324,35954,329801,0,0,41
2026-07-13T22:05:32Z,SPX,0.33925,183016,383098,0,0,61
2026-07-13T22:05:32Z,DYDX,0.12167,27673,982835,0,0,57
2026-07-13T22:05:32Z,CFX,0.042369,7618,823007,0,0,51
2026-07-13T22:05:32Z,GMX,5.7051,10749,185628,0,0,46
2026-07-13T22:05:32Z,SNX,0.22313,234748,46160,0,0,42
2026-07-13T22:05:32Z,BANANA,3.3823,3340,32426,0,0,33
2026-07-13T22:05:32Z,TRB,14.852,152470,97963,0,0,40
2026-07-13T22:05:32Z,BIGTIME,0.006734,47031,65780,0,0,39
2026-07-13T22:05:32Z,KAS,0.02824,63081,35874,0,0,35
2026-07-13T22:05:32Z,BLUR,0.017014,352797,407234,0,0,47
2026-07-13T22:05:32Z,BSV,14.415,8365,115003,0,0,34
2026-07-13T22:05:32Z,ORDI,3.4713,58553,134899,0,0,47
2026-07-13T22:05:32Z,NEO,1.901,94333,91586,0,0,35
2026-07-13T22:05:32Z,FIL,0.74072,501404,358621,0,0,55
2026-07-13T22:05:32Z,IMX,0.12851,14536,404377,0,0,43
2026-07-13T22:05:32Z,GALA,0.002005,24571,13957,0,0,41
2026-07-13T22:05:32Z,ACE,0.069,47104,84568,0,0,33
2026-07-13T22:05:32Z,PEOPLE,0.005228,42931,19017,0,0,31
2026-07-13T22:05:32Z,ENS,4.0385,2134,465110,0,0,46
2026-07-13T22:05:32Z,XAI,0.00676,132435,54673,0,0,32
2026-07-13T22:05:32Z,MANTA,0.05836,6158,92994,0,0,39
2026-07-13T22:05:32Z,ALT,0.006299,114791,23274,0,0,39
2026-07-13T22:05:32Z,ZETA,0.03366,133971,2665,0,0,42
2026-07-13T22:05:32Z,STRK,0.0286,67634,396072,0,0,51
2026-07-13T22:05:32Z,ETHFI,0.38071,75640,1107587,0,0,59
2026-07-13T22:05:32Z,TNSR,0.03129,81195,16312,0,0,40
2026-07-13T22:05:32Z,SAGA,0.01225,5483,195452,0,0,40
2026-07-13T22:05:32Z,HBAR,0.066327,40550,889985,0,0,56
2026-07-13T22:05:32Z,EIGEN,0.2371,205646,1138187,0,0,61
2026-07-13T22:05:32Z,BRETT,0.00502,64613,77504,0,0,42
2026-07-13T22:05:32Z,IO,0.1513,186919,111979,0,0,38
2026-07-13T22:05:32Z,ZK,0.01001,164106,239161,0,0,47
2026-07-13T22:05:32Z,RENDER,1.4818,235642,153294,0,0,50
2026-07-13T22:05:32Z,CELO,0.070873,21757,25085,0,0,36
2026-07-13T22:05:32Z,GOAT,0.013466,13561,12435,0,0,37
2026-07-13T22:05:32Z,GRASS,0.3604,27920,679241,0,0,52
2026-07-13T22:05:32Z,PNUT,0.04217,9077,416222,0,0,45
2026-07-13T22:05:32Z,SAND,0.046863,139337,52697,0,0,35
2026-07-13T22:05:32Z,ME,0.06343,72182,74235,0,0,42
2026-07-13T22:05:32Z,MOVE,0.010595,31664,83149,0,0,46
2026-07-13T22:05:32Z,VIRTUAL,0.54574,308590,1779239,0,0,67
2026-07-13T22:05:32Z,USUAL,0.00846,24210,52068,0,0,27
2026-07-13T22:05:32Z,AIXBT,0.018391,89259,190468,0,0,44
2026-07-13T22:05:32Z,BIO,0.027116,55715,206907,0,0,44
2026-07-13T22:05:32Z,S,0.024899,202738,277818,0,0,43
2026-07-13T22:05:32Z,MORPHO,2.0037,175663,435148,0,0,56
2026-07-13T22:05:32Z,MELANIA,0.07927,347590,36041,0,0,43
2026-07-13T22:05:32Z,ANIME,0.002687,53755,42010,0,0,45
2026-07-13T22:05:32Z,BERA,0.18405,48329,229782,0,0,47
2026-07-13T22:05:32Z,NIL,0.03277,50930,170789,0,0,37
2026-07-13T22:05:32Z,BABY,0.012552,35250,57329,0,0,38
2026-07-13T22:05:32Z,WCT,0.04267,19470,31580,0,0,30
2026-07-13T22:05:32Z,HYPER,0.066259,61865,111531,0,0,27
2026-07-13T22:05:32Z,INIT,0.053151,31050,29654,0,0,36
2026-07-13T22:05:32Z,NXPC,0.24907,26472,169101,0,0,33
2026-07-13T22:05:32Z,SOPH,0.004554,12325,7519,0,0,37
2026-07-13T22:05:32Z,SYRUP,0.19035,26691,1366679,0,0,42
2026-07-13T22:05:32Z,PROVE,0.20159,70378,86361,0,0,31
2026-07-13T22:05:32Z,WLFI,0.057304,1656736,181884,110118,0,68
2026-07-13T22:05:32Z,LINEA,0.002481,61930,310050,0,0,46
2026-07-13T22:05:32Z,SKY,0.05954,6023,582380,0,0,35
2026-07-13T22:05:32Z,AVNT,0.092423,108285,181401,0,0,40
2026-07-13T22:05:32Z,HEMI,0.004253,18292,183711,0,0,31
2026-07-13T22:05:32Z,2Z,0.070036,183807,148258,0,0,31
2026-07-13T22:05:32Z,RUNE,0.4028,59628,239797,0,0,31
2026-07-13T22:05:32Z,CASHCAT,0.14187,68811,294049,0,0,28
2026-07-13T22:05:32Z,YGG,0.020993,24423,49111,0,0,38
2026-07-13T22:05:32Z,POLYX,0.034959,11995,35748,0,0,30
2026-07-13T22:05:32Z,MEME,0.000539,78335,79792,0,0,34
2026-07-13T22:05:32Z,GMT,0.007389,50334,56181,0,0,41
2026-07-13T22:05:32Z,UMA,0.358,56645,102383,0,0,25
2026-07-13T22:05:32Z,BOME,0.000401,54371,56684,0,0,26
2026-07-13T22:05:32Z,TURBO,0.000822,35372,122761,0,0,40
2026-07-13T22:05:32Z,HMSTR,0.000199,31173,58659,0,0,37
2026-07-13T22:05:32Z,GRIFFAIN,0.008135,109349,72729,0,0,33
2026-07-13T22:05:32Z,0G,0.17196,96304,89784,0,0,28
2026-07-13T22:05:32Z,MET,0.14715,336195,464175,0,0,47
2026-07-13T22:05:32Z,AERO,0.48073,60506,1994148,0,0,54
2026-07-13T22:05:32Z,AXS,0.97407,60360,137692,0,0,37
2026-07-13T22:05:32Z,AZTEC,0.013921,46143,62069,0,0,27
2026-07-13T22:05:32Z,APE,0.14737,11818,161637,0,0,50
2026-07-13T22:05:32Z,kSHIB,0.004119,242154,717781,0,0,50
2026-07-13T22:05:32Z,SUSHI,0.15633,106824,95980,0,0,40
2026-07-13T22:05:32Z,kBONK,0.003714,881230,1752340,0,0,57
2026-07-13T22:05:32Z,SUPER,0.083755,14854,50545,0,0,26
2026-07-13T22:05:32Z,RSR,0.0012,37555,33171,0,0,24
2026-07-13T22:05:32Z,DYM,0.01501,11064,59369,0,0,30
2026-07-13T22:05:32Z,AR,1.8991,30685,596977,0,0,53
2026-07-13T22:05:32Z,MNT,0.41915,26414,339652,0,0,39
2026-07-13T22:05:32Z,MERL,0.016416,95257,75128,0,0,29
2026-07-13T22:05:32Z,REZ,0.002415,10559,99726,0,0,38
2026-07-13T22:05:32Z,NOT,0.000371,56569,71199,0,0,18
2026-07-13T22:05:32Z,kNEIRO,0.06015,48016,43485,0,0,28
2026-07-13T22:05:32Z,MOODENG,0.03762,68607,68583,0,0,32
2026-07-13T22:05:32Z,PURR,0.07752,15019,957049,0,0,36
2026-07-13T22:05:32Z,IOTA,0.037075,84713,14139,0,0,24
2026-07-13T22:05:32Z,ALGO,0.083426,121526,375029,0,0,48
2026-07-13T22:05:32Z,LAYER,0.063999,36155,38704,0,0,34
2026-07-13T22:05:32Z,KAITO,0.66837,502833,325816,0,0,43
2026-07-13T22:05:32Z,STBL,0.022188,53993,218233,0,0,36
2026-07-13T22:05:32Z,APEX,0.26112,6546,87714,0,0,28
2026-07-13T22:05:32Z,STABLE,0.036835,35162,581120,0,0,33
2026-07-13T22:05:32Z,SKR,0.009102,33841,60325,0,0,29
2026-07-13T22:05:32Z,MINA,0.04251,150574,111200,0,0,36
2026-07-13T22:05:32Z,kFLOKI,0.021801,193245,206885,0,0,42
2026-07-13T22:05:32Z,RESOLV,0.019332,42846,85069,0,0,29
2026-07-13T22:05:32Z,ICP,2.1691,83913,229716,0,0,48
2026-07-13T22:05:32Z,FOGO,0.009356,15381,75652,0,0,26
2026-07-13T22:05:32Z,CC,0.1312,54970,893782,0,0,40
2026-07-13T22:05:32Z,ZEN,4.0093,6982,73357,0,0,27
2026-07-13T22:05:32Z,kLUNC,0.05806,72212,82085,0,0,23
2026-07-13T22:05:32Z,ZORA,0.006691,46642,123987,0,0,29
2026-07-13T22:05:32Z,GAS,1.0223,43287,56808,0,0,26
2026-07-13T22:05:32Z,VINE,0.008654,14593,23185,0,0,12
2026-07-13T23:06:02Z,BTC,62009.0,35865905,277026752,13053786,5958167,259
2026-07-13T23:06:02Z,ETH,1760.5,6321423,278203707,0,7897311,232
2026-07-13T23:06:02Z,SOL,74.483,12656510,46993430,1002753,273539,201
2026-07-13T23:06:02Z,XRP,1.0589,6532337,18206501,0,0,151
2026-07-13T23:06:02Z,ZEC,492.08,13300184,27448995,144184,0,139
2026-07-13T23:06:02Z,ATOM,1.5318,499826,106656,0,0,47
2026-07-13T23:06:02Z,DYDX,0.12086,26187,975857,0,0,57
2026-07-13T23:06:02Z,AVAX,6.3928,1140622,3448145,0,0,104
2026-07-13T23:06:02Z,BNB,565.32,3837382,3767893,0,0,108
2026-07-13T23:06:02Z,APE,0.14733,11340,160549,0,0,50
2026-07-13T23:06:02Z,OP,0.0974,512040,187448,0,0,58
2026-07-13T23:06:02Z,LTC,43.337,96585,1998924,0,0,89
2026-07-13T23:06:02Z,ARB,0.08922,508110,1402690,0,0,91
2026-07-13T23:06:02Z,SUI,0.71544,582121,7766203,0,0,113
2026-07-13T23:06:02Z,kPEPE,0.002694,170478,3668358,0,0,77
2026-07-13T23:06:02Z,LINK,7.836,1943540,9385955,0,0,124
2026-07-13T23:06:02Z,STX,0.16402,75952,73347,0,0,43
2026-07-13T23:06:02Z,CFX,0.042336,9515,822337,0,0,52
2026-07-13T23:06:02Z,GMX,5.6791,11161,184220,0,0,44
2026-07-13T23:06:02Z,BCH,234.33,584039,1128357,0,0,76
2026-07-13T23:06:02Z,APT,0.587,528870,130236,0,0,71
2026-07-13T23:06:02Z,AAVE,94.007,433257,17219955,1692,0,123
2026-07-13T23:06:02Z,COMP,16.445,65443,210137,0,0,43
2026-07-13T23:06:02Z,WLD,0.38878,358114,6898139,2939,0,110
2026-07-13T23:06:02Z,YGG,0.021044,24462,49210,0,0,38
2026-07-13T23:06:02Z,kSHIB,0.004125,242488,718472,0,0,49
2026-07-13T23:06:02Z,UNI,3.5068,643718,3201467,0,20063,97
2026-07-13T23:06:02Z,RUNE,0.40204,58917,244501,0,0,31
2026-07-13T23:06:02Z,DOT,0.83056,966957,331031,0,0,72
2026-07-13T23:06:02Z,BANANA,3.3817,2858,31973,0,0,34
2026-07-13T23:06:02Z,TRB,14.772,151364,97932,0,0,40
2026-07-13T23:06:02Z,BIGTIME,0.006711,46441,65051,0,0,41
2026-07-13T23:06:02Z,KAS,0.028258,71266,21811,0,0,36
2026-07-13T23:06:02Z,BLUR,0.01693,353020,407959,0,0,47
2026-07-13T23:06:02Z,BSV,14.331,38257,110992,0,0,37
2026-07-13T23:06:02Z,ADA,0.15628,5562070,1478944,0,0,110
2026-07-13T23:06:02Z,MINA,0.042439,147896,110010,0,0,36
2026-07-13T23:06:02Z,POLYX,0.034923,14582,38824,0,0,30
2026-07-13T23:06:02Z,PENDLE,1.4556,136899,372596,0,0,58
2026-07-13T23:06:02Z,NEAR,1.8915,547666,13634875,955,40886,125
2026-07-13T23:06:02Z,MEME,0.000539,76291,80762,0,0,34
2026-07-13T23:06:02Z,NEO,1.8975,94089,91294,0,0,35
2026-07-13T23:06:02Z,FIL,0.74189,501609,359308,0,0,55
2026-07-13T23:06:02Z,SUSHI,0.15664,105046,94970,0,0,40
2026-07-13T23:06:02Z,IMX,0.12817,13553,401425,0,0,43
2026-07-13T23:06:02Z,GMT,0.007369,50360,56170,0,0,41
2026-07-13T23:06:02Z,SUPER,0.083713,15367,51040,0,0,26
2026-07-13T23:06:02Z,JUP,0.20543,701247,2049747,0,0,77
2026-07-13T23:06:02Z,ACE,0.0686,46438,83991,0,0,33
2026-07-13T23:06:02Z,WIF,0.14985,46758,631026,0,0,62
2026-07-13T23:06:02Z,PEOPLE,0.005232,42546,18618,0,0,31
2026-07-13T23:06:02Z,ENS,4.0364,1924,464630,0,0,46
2026-07-13T23:06:02Z,XAI,0.00676,132346,54912,0,0,32
2026-07-13T23:06:02Z,MANTA,0.05838,5757,92775,0,0,38
2026-07-13T23:06:02Z,UMA,0.35785,56277,101969,0,0,25
2026-07-13T23:06:02Z,ALT,0.006223,113135,22761,0,0,39
2026-07-13T23:06:02Z,ZETA,0.0337,133785,2502,0,0,42
2026-07-13T23:06:02Z,DYM,0.01506,11618,57738,0,0,30
2026-07-13T23:06:02Z,W,0.00944,182364,345642,0,0,40
2026-07-13T23:06:02Z,STRK,0.02869,67653,394428,0,0,51
2026-07-13T23:06:02Z,AR,1.8906,31116,594776,0,0,52
2026-07-13T23:06:02Z,kFLOKI,0.021766,192904,206447,0,0,42
2026-07-13T23:06:02Z,BOME,0.000401,54371,56489,0,0,26
2026-07-13T23:06:02Z,ENA,0.078035,635312,5006911,1558,0,98
2026-07-13T23:06:02Z,MNT,0.41905,26014,340043,0,0,38
2026-07-13T23:06:02Z,SAGA,0.01221,4226,195593,0,0,40
2026-07-13T23:06:02Z,MERL,0.016547,93955,73495,0,0,29
2026-07-13T23:06:02Z,HBAR,0.066357,37772,906961,0,0,57
2026-07-13T23:06:02Z,EIGEN,0.2401,214986,1159918,0,0,64
2026-07-13T23:06:02Z,REZ,0.002406,10507,97204,0,0,34
2026-07-13T23:06:02Z,TURBO,0.000821,35843,122535,0,0,40
2026-07-13T23:06:02Z,BRETT,0.00502,64403,77567,0,0,41
2026-07-13T23:06:02Z,IO,0.15203,186463,111016,0,0,38
2026-07-13T23:06:02Z,ZK,0.01002,164347,239355,0,0,47
2026-07-13T23:06:02Z,RENDER,1.4804,246735,152861,0,0,48
2026-07-13T23:06:02Z,CELO,0.071139,21496,24911,0,0,35
2026-07-13T23:06:02Z,HMSTR,0.0002,30487,59004,0,0,37
2026-07-13T23:06:02Z,kNEIRO,0.06014,48009,43098,0,0,28
2026-07-13T23:06:02Z,GOAT,0.013516,12569,11452,0,0,37
2026-07-13T23:06:02Z,MOODENG,0.037405,69090,68846,0,0,32
2026-07-13T23:06:02Z,PURR,0.076936,13935,955426,0,0,35
2026-07-13T23:06:02Z,PNUT,0.04219,7525,413072,0,0,45
2026-07-13T23:06:02Z,ALGO,0.083002,120998,373227,0,0,48
2026-07-13T23:06:02Z,HYPE,63.186,35754205,71481014,243350,0,215
2026-07-13T23:06:02Z,ME,0.06336,71779,73731,0,0,43
2026-07-13T23:06:02Z,MOVE,0.010605,31317,82827,0,0,46
2026-07-13T23:06:02Z,VIRTUAL,0.5454,305963,1763127,0,0,66
2026-07-13T23:06:02Z,PENGU,0.005752,194559,417624,0,0,82
2026-07-13T23:06:02Z,USUAL,0.00846,23112,50903,0,0,27
2026-07-13T23:06:02Z,FARTCOIN,0.13742,1355497,1365798,0,0,93
2026-07-13T23:06:02Z,AIXBT,0.018302,88905,189563,0,0,43
2026-07-13T23:06:02Z,GRIFFAIN,0.00814,109279,72601,0,0,33
2026-07-13T23:06:02Z,MORPHO,1.9815,175164,428167,0,0,55
2026-07-13T23:06:02Z,MELANIA,0.07895,346067,35691,0,0,43
2026-07-13T23:06:02Z,ANIME,0.002678,53774,41606,0,0,45
2026-07-13T23:06:02Z,LAYER,0.063931,34943,37607,0,0,33
2026-07-13T23:06:02Z,KAITO,0.66534,500463,330810,0,0,45
2026-07-13T23:06:02Z,NIL,0.032726,45730,164862,0,0,38
2026-07-13T23:06:02Z,PAXG,3998.0,3527295,3760575,0,0,61
2026-07-13T23:06:02Z,BABY,0.012547,36370,56418,0,0,38
2026-07-13T23:06:02Z,HYPER,0.066273,61439,111314,0,0,28
2026-07-13T23:06:02Z,INIT,0.053014,30813,29431,0,0,35
2026-07-13T23:06:02Z,NXPC,0.24889,27344,169253,0,0,33
2026-07-13T23:06:02Z,SOPH,0.004538,12400,7579,0,0,37
2026-07-13T23:06:02Z,RESOLV,0.019442,43411,85614,0,0,28
2026-07-13T23:06:02Z,PUMP,0.00147,447476,11484910,5901,0,104
2026-07-13T23:06:02Z,PROVE,0.20184,70405,86414,0,0,31
2026-07-13T23:06:02Z,XPL,0.088365,185253,8802107,884,0,88
2026-07-13T23:06:02Z,WLFI,0.057571,1673287,183506,110758,0,68
2026-07-13T23:06:02Z,LINEA,0.00246,67431,304079,0,0,46
2026-07-13T23:06:02Z,AVNT,0.092222,107975,180990,0,0,41
2026-07-13T23:06:02Z,STBL,0.02216,53869,217944,0,0,36
2026-07-13T23:06:02Z,0G,0.17216,96335,89711,0,0,28
2026-07-13T23:06:02Z,HEMI,0.00423,17622,182163,0,0,31
2026-07-13T23:06:02Z,APEX,0.26081,6827,88390,0,0,28
2026-07-13T23:06:02Z,MON,0.022093,74635,6185995,0,0,80
2026-07-13T23:06:02Z,MET,0.14674,325511,449635,0,0,44
2026-07-13T23:06:02Z,ICP,2.1677,80786,228978,0,0,47
2026-07-13T23:06:02Z,AERO,0.47942,70475,1980490,0,0,55
2026-07-13T23:06:02Z,FOGO,0.009407,15346,75857,0,0,26
2026-07-13T23:06:02Z,XMR,320.62,74425,13085591,0,0,79
2026-07-13T23:06:02Z,AXS,0.97615,59690,136924,0,0,37
2026-07-13T23:06:02Z,DASH,32.69,68190,241979,0,0,37
2026-07-13T23:06:02Z,SKR,0.00914,33308,60024,0,0,29
2026-07-13T23:06:02Z,CHIP,0.029664,79623,651008,0,0,51
2026-07-13T23:06:02Z,GRAM,1.5918,79472,1400927,0,0,47
2026-07-13T23:06:02Z,CASHCAT,0.14747,75032,294197,0,0,28
2026-07-13T23:06:02Z,TRX,0.32408,4833854,837566,59130,0,64
2026-07-13T23:06:02Z,TAO,199.7,121965,6841868,0,0,110
2026-07-13T23:06:02Z,DOGE,0.071341,1649692,6081120,0,0,117
2026-07-13T23:06:02Z,SPX,0.34125,167531,387686,0,0,57
2026-07-13T23:06:02Z,kBONK,0.003652,894455,1694280,0,0,57
2026-07-13T23:06:02Z,CRV,0.2117,304522,900814,0,0,75
2026-07-13T23:06:02Z,ORDI,3.4823,57219,135516,0,0,45
2026-07-13T23:06:02Z,RSR,0.001198,37482,33098,0,0,24
2026-07-13T23:06:02Z,GALA,0.002004,22213,15493,0,0,41
2026-07-13T23:06:02Z,POPCAT,0.043359,35530,329521,0,0,41
2026-07-13T23:06:02Z,TRUMP,1.5318,2227336,357039,0,0,77
2026-07-13T23:06:02Z,LIT,2.282,14491159,13044843,251,0,101
2026-07-13T23:06:02Z,INJ,4.6282,421780,142538,1390,0,62
2026-07-13T23:06:02Z,LDO,0.31283,154897,2054032,0,0,69
2026-07-13T23:06:02Z,SNX,0.22314,233471,46162,0,0,42
2026-07-13T23:06:02Z,SEI,0.046937,97329,252061,939,0,53
2026-07-13T23:06:02Z,ZRO,0.86187,480322,5144591,0,0,76
2026-07-13T23:06:02Z,TIA,0.39548,80453,321582,0,0,60
2026-07-13T23:06:02Z,GAS,1.0183,42422,55889,0,0,26
2026-07-13T23:06:02Z,FET,0.15681,22486,1576643,1589,0,52
2026-07-13T23:06:02Z,ZEN,3.9941,6937,73111,0,0,27
2026-07-13T23:06:02Z,PYTH,0.047565,59447,577787,0,0,43
2026-07-13T23:06:02Z,kLUNC,0.057861,71542,80783,0,0,22
2026-07-13T23:06:02Z,JTO,0.63434,201780,2500417,0,0,69
2026-07-13T23:06:02Z,CAKE,1.3863,54990,292679,0,0,40
2026-07-13T23:06:02Z,ETC,6.8491,147570,190535,0,0,35
2026-07-13T23:06:02Z,ONDO,0.30885,158232,1411729,0,0,76
2026-07-13T23:06:02Z,ETHFI,0.37783,71426,1097827,0,0,58
2026-07-13T23:06:02Z,NOT,0.00037,56417,71007,0,0,18
2026-07-13T23:06:02Z,POL,0.082268,104200,719499,0,0,50
2026-07-13T23:06:02Z,GRASS,0.359,26442,678442,0,0,52
2026-07-13T23:06:02Z,XLM,0.18026,866174,599763,0,0,70
2026-07-13T23:06:02Z,SAND,0.046845,139323,52602,0,0,35
2026-07-13T23:06:02Z,IOTA,0.036805,83823,14906,0,0,24
2026-07-13T23:06:02Z,BIO,0.027047,56218,207039,0,0,44
2026-07-13T23:06:02Z,S,0.024963,200998,276776,0,0,43
2026-07-13T23:06:02Z,VINE,0.008638,14596,23297,0,0,12
2026-07-13T23:06:02Z,VVV,10.482,55520,3433632,0,0,76
2026-07-13T23:06:02Z,BERA,0.18457,47999,229985,0,0,49
2026-07-13T23:06:02Z,WCT,0.042689,19167,31281,0,0,30
2026-07-13T23:06:02Z,ZORA,0.006668,46482,123563,0,0,29
2026-07-13T23:06:02Z,SYRUP,0.19039,25179,1379351,0,0,41
2026-07-13T23:06:02Z,SKY,0.060498,7435,594126,0,0,35
2026-07-13T23:06:02Z,ASTER,0.6266,775907,3767148,0,0,87
2026-07-13T23:06:02Z,2Z,0.069799,182871,147829,0,0,34
2026-07-13T23:06:02Z,MEGA,0.046862,31172,415386,0,0,41
2026-07-13T23:06:02Z,CC,0.13019,54859,886175,0,0,40
2026-07-13T23:06:02Z,STABLE,0.036688,31366,581303,0,0,32
2026-07-13T23:06:02Z,AZTEC,0.013729,48612,60457,0,0,27
2026-07-13T23:06:02Z,TNSR,0.03148,81660,16348,0,0,40
